{"BMPS": {"JINGJILINGUO": {"CAPEX": 0.08399999999999999, "INCOME": 0.012059999999999998, "OPEX": 0.02, "AREA": 0.00019999999999999998}, "FENGJIN": {"CAPEX": 1.3035499999999998, "INCOME": 0.5045999999999999, "OPEX": 0.6307499999999996, "AREA": 0.08409999999999998}, "DIXIAOLINGAIZAO": {"CAPEX": 3.8720499999999998, "INCOME": 0.9956699999999996, "OPEX": 0.6382500000000002, "AREA": 0.0851}, "SHENGTAILINCAO": {"CAPEX": 194.88875000000004, "INCOME": 46.10510999999999, "OPEX": 16.704750000000004, "AREA": 2.2272999999999996}}, "gene_values": [0.0, 2001.0, 2001.0, 2001.0, 2001.0, 0.0, 0.0, 0.0, 0.0, 0.0, 0.0, 0.0, 2001.0, 0.0, 0.0, 2001.0, 2001.0, 0.0, 2001.0, 0.0, 0.0, 0.0, 0.0, 0.0, 2001.0, 2001.0, 0.0, 0.0, 2001.0, 0.0, 1001.0, 1001.0, 0.0, 2001.0, 2001.0, 0.0, 2001.0, 2001.0, 0.0, 0.0, 2001.0, 0.0, 2001.0, 2001.0, 0.0, 2001.0, 0.0, 0.0, 1001.0, 3001.0, 2001.0, 0.0, 2001.0, 0.0, 0.0, 0.0, 0.0, 0.0, 0.0, 0.0, 1001.0, 2001.0, 2001.0, 0.0, 2001.0, 2001.0, 1001.0, 0.0, 0.0, 2001.0, 2001.0, 0.0, 1001.0, 2001.0, 0.0, 0.0, 0.0, 0.0, 2001.0, 0.0, 0.0, 0.0, 0.0, 0.0, 2001.0, 2001.0, 2001.0, 0.0, 0.0, 0.0, 1001.0, 3001.0, 4001.0, 1001.0, 3001.0, 0.0, 1001.0, 3001.0, 0.0, 2001.0, 2001.0, 0.0, 0.0, 0.0, 0.0], "environment": 5.48, "sceid": 10511, "SUMMARY": {"CAPEX": 200.14835000000005, "AREA": 2.3966999999999996, "OPEX": 17.993750000000006, "INCOME": 47.61743999999999}, "economy": 162.98}