2025-03-21T09:06:12.083 TRACE [INITIALIZE] Read DLL: TSD_RDd [ModuleFactory.cpp:503]
2025-03-21T09:06:12.084 TRACE [INITIALIZE] ---Loading library: TSD_RDd_P [ModuleFactory.cpp:285]
2025-03-21T09:06:12.084 TRACE [INITIALIZE] Read DLL: TSD_RDd [ModuleFactory.cpp:503]
2025-03-21T09:06:12.085 TRACE [INITIALIZE] ---Loading library: TSD_RDd_TMEAN [ModuleFactory.cpp:285]
2025-03-21T09:06:12.085 TRACE [INITIALIZE] Read DLL: TSD_RDd [ModuleFactory.cpp:503]
2025-03-21T09:06:12.086 TRACE [INITIALIZE] ---Loading library: TSD_RDd_TMAX [ModuleFactory.cpp:285]
2025-03-21T09:06:12.087 TRACE [INITIALIZE] Read DLL: TSD_RDd [ModuleFactory.cpp:503]
2025-03-21T09:06:12.087 TRACE [INITIALIZE] ---Loading library: TSD_RDd_TMIN [ModuleFactory.cpp:285]
2025-03-21T09:06:12.087 TRACE [INITIALIZE] Read DLL: TSD_RDd [ModuleFactory.cpp:503]
2025-03-21T09:06:12.088 TRACE [INITIALIZE] ---Loading library: TSD_RDd_SR [ModuleFactory.cpp:285]
2025-03-21T09:06:12.089 TRACE [INITIALIZE] Read DLL: TSD_RDd [ModuleFactory.cpp:503]
2025-03-21T09:06:12.089 TRACE [INITIALIZE] ---Loading library: TSD_RDd_WS [ModuleFactory.cpp:285]
2025-03-21T09:06:12.090 TRACE [INITIALIZE] Read DLL: TSD_RDd [ModuleFactory.cpp:503]
2025-03-21T09:06:12.090 TRACE [INITIALIZE] ---Loading library: TSD_RDd_RM [ModuleFactory.cpp:285]
2025-03-21T09:06:12.095 TRACE [INITIALIZE] Read DLL: ITPd [ModuleFactory.cpp:503]
2025-03-21T09:06:12.096 TRACE [INITIALIZE] ---Loading library: ITPd_P [ModuleFactory.cpp:285]
2025-03-21T09:06:12.096 TRACE [INITIALIZE] Read DLL: ITPd [ModuleFactory.cpp:503]
2025-03-21T09:06:12.097 TRACE [INITIALIZE] ---Loading library: ITPd_TMEAN [ModuleFactory.cpp:285]
2025-03-21T09:06:12.099 TRACE [INITIALIZE] Read DLL: ITPd [ModuleFactory.cpp:503]
2025-03-21T09:06:12.099 TRACE [INITIALIZE] ---Loading library: ITPd_TMAX [ModuleFactory.cpp:285]
2025-03-21T09:06:12.100 TRACE [INITIALIZE] Read DLL: ITPd [ModuleFactory.cpp:503]
2025-03-21T09:06:12.101 TRACE [INITIALIZE] ---Loading library: ITPd_TMIN [ModuleFactory.cpp:285]
2025-03-21T09:06:12.102 TRACE [INITIALIZE] Read DLL: ITPd [ModuleFactory.cpp:503]
2025-03-21T09:06:12.103 TRACE [INITIALIZE] ---Loading library: ITPd_SR [ModuleFactory.cpp:285]
2025-03-21T09:06:12.104 TRACE [INITIALIZE] Read DLL: ITPd [ModuleFactory.cpp:503]
2025-03-21T09:06:12.104 TRACE [INITIALIZE] ---Loading library: ITPd_WS [ModuleFactory.cpp:285]
2025-03-21T09:06:12.105 TRACE [INITIALIZE] Read DLL: ITPd [ModuleFactory.cpp:503]
2025-03-21T09:06:12.106 TRACE [INITIALIZE] ---Loading library: ITPd_RM [ModuleFactory.cpp:285]
2025-03-21T09:06:12.110 TRACE [INITIALIZE] Read DLL: PI_MCSd [ModuleFactory.cpp:503]
2025-03-21T09:06:12.112 TRACE [INITIALIZE] ---Loading library: PI_MCSd [ModuleFactory.cpp:285]
2025-03-21T09:06:12.117 TRACE [INITIALIZE] Read DLL: SUR_SGAd [ModuleFactory.cpp:503]
2025-03-21T09:06:12.118 TRACE [INITIALIZE] ---Loading library: SUR_SGAd [ModuleFactory.cpp:285]
2025-03-21T09:06:12.121 TRACE [INITIALIZE] Read DLL: DEP_FSd [ModuleFactory.cpp:503]
2025-03-21T09:06:12.122 TRACE [INITIALIZE] ---Loading library: DEP_FSd [ModuleFactory.cpp:285]
2025-03-21T09:06:12.126 TRACE [INITIALIZE] Read DLL: IKW_OLd [ModuleFactory.cpp:503]
2025-03-21T09:06:12.129 TRACE [INITIALIZE] ---Loading library: IKW_OLd [ModuleFactory.cpp:285]
2025-03-21T09:06:12.133 TRACE [INITIALIZE] Read DLL: PERCO_DARCYd [ModuleFactory.cpp:503]
2025-03-21T09:06:12.134 TRACE [INITIALIZE] ---Loading library: PERCO_DARCYd [ModuleFactory.cpp:285]
2025-03-21T09:06:12.138 TRACE [INITIALIZE] Read DLL: IKW_IFd [ModuleFactory.cpp:503]
2025-03-21T09:06:12.140 TRACE [INITIALIZE] ---Loading library: IKW_IFd [ModuleFactory.cpp:285]
2025-03-21T09:06:12.143 TRACE [INITIALIZE] Read DLL: GW_RSVRd [ModuleFactory.cpp:503]
2025-03-21T09:06:12.144 TRACE [INITIALIZE] ---Loading library: GW_RSVRd [ModuleFactory.cpp:285]
2025-03-21T09:06:12.147 TRACE [INITIALIZE] Read DLL: CH_DWd [ModuleFactory.cpp:503]
2025-03-21T09:06:12.148 TRACE [INITIALIZE] ---Loading library: CH_DWd [ModuleFactory.cpp:285]
2025-03-21T09:06:12.152 TRACE [INITIALIZE] Read DLL: SPLASHERO_PARKd [ModuleFactory.cpp:503]
2025-03-21T09:06:12.153 TRACE [INITIALIZE] ---Loading library: SPLASHERO_PARKd [ModuleFactory.cpp:285]
2025-03-21T09:06:12.157 TRACE [INITIALIZE] Read DLL: KINWAVSED_OLd [ModuleFactory.cpp:503]
2025-03-21T09:06:12.160 TRACE [INITIALIZE] ---Loading library: KINWAVSED_OLd [ModuleFactory.cpp:285]
2025-03-21T09:06:12.165 TRACE [INITIALIZE] Read DLL: KINWAVSED_CHd [ModuleFactory.cpp:503]
2025-03-21T09:06:12.167 TRACE [INITIALIZE] ---Loading library: KINWAVSED_CHd [ModuleFactory.cpp:285]
2025-03-21T09:06:12.179 TRACE [INITIALIZE] Query for OUTLET_ID: { "NAME" : "OUTLET_ID" } [DataCenterMongoDB.cpp:287]
2025-03-21T09:06:12.181 TRACE [INITIALIZE] Query for SUBBASINID_NUM: { "NAME" : "SUBBASINID_NUM" } [DataCenterMongoDB.cpp:287]
2025-03-21T09:06:12.190 TRACE [INITIALIZE] Output Info of subbasin: 0: NEPR: SUM, 2016-06-17 -- 2016-06-18 05:00:00, ALL [DataCenter.cpp:824]
2025-03-21T09:06:12.190 TRACE [INITIALIZE] Output Info of subbasin: 0: INET: SUM, 2016-06-17 -- 2016-06-18 05:00:00, ALL [DataCenter.cpp:824]
2025-03-21T09:06:12.191 TRACE [INITIALIZE] Output Info of subbasin: 0: INLO: SUM, 2016-06-17 -- 2016-06-18 05:00:00, ALL [DataCenter.cpp:824]
2025-03-21T09:06:12.191 TRACE [INITIALIZE] Output Info of subbasin: 0: PET: SUM-AVE, 2016-06-17 -- 2016-06-18 05:00:00, ALL [DataCenter.cpp:824]
2025-03-21T09:06:12.191 TRACE [INITIALIZE] Output Info of subbasin: 0: PPT: SUM-AVE, 2016-06-17 -- 2016-06-18 05:00:00, ALL [DataCenter.cpp:824]
2025-03-21T09:06:12.191 TRACE [INITIALIZE] Output Info of subbasin: 0: SOET: SUM-AVE, 2016-06-17 -- 2016-06-18 05:00:00, ALL [DataCenter.cpp:824]
2025-03-21T09:06:12.191 TRACE [INITIALIZE] Output Info of subbasin: 0: INFIL: SUM-AVE, 2016-06-17 -- 2016-06-18 05:00:00, ALL [DataCenter.cpp:824]
2025-03-21T09:06:12.192 TRACE [INITIALIZE] Output Info of subbasin: 0: SOLST: SUM-AVE, 2016-06-17 -- 2016-06-18 05:00:00, ALL [DataCenter.cpp:824]
2025-03-21T09:06:12.192 TRACE [INITIALIZE] Output Info of subbasin: 0: SURU: SUM-AVE, 2016-06-17 -- 2016-06-18 05:00:00, ALL [DataCenter.cpp:824]
2025-03-21T09:06:12.192 TRACE [INITIALIZE] Output Info of subbasin: 0: DPST: SUM, 2016-06-17 -- 2016-06-18 05:00:00, ALL [DataCenter.cpp:824]
2025-03-21T09:06:12.192 TRACE [INITIALIZE] Output Info of subbasin: 0: DEET: SUM, 2016-06-17 -- 2016-06-18 05:00:00, ALL [DataCenter.cpp:824]
2025-03-21T09:06:12.192 TRACE [INITIALIZE] Output Info of subbasin: 0: USLE_L: MAX, 2016-06-17 -- 2016-06-18 05:00:00, ALL [DataCenter.cpp:824]
2025-03-21T09:06:12.192 TRACE [INITIALIZE] Output Info of subbasin: 0: USLE_S: MAX, 2016-06-17 -- 2016-06-18 05:00:00, ALL [DataCenter.cpp:824]
2025-03-21T09:06:12.192 TRACE [INITIALIZE] Output Info of subbasin: 0: USLE_C: SUM-AVE-MAX-MIN, 2016-06-17 -- 2016-06-18 05:00:00, ALL [DataCenter.cpp:824]
2025-03-21T09:06:12.192 TRACE [INITIALIZE] Output Info of subbasin: 0: SOER: SUM-AVE, 2016-06-17 -- 2016-06-18 05:00:00, ALL [DataCenter.cpp:824]
2025-03-21T09:06:12.193 TRACE [INITIALIZE] Output Info of subbasin: 0: SEDTOCH: NONE, 2016-06-17 -- 2016-06-18 05:00:00, OUTLET [DataCenter.cpp:824]
2025-03-21T09:06:12.193 TRACE [INITIALIZE] Output Info of subbasin: 0: SED_OL: SUM-AVE, 2016-06-17 -- 2016-06-18 05:00:00, ALL [DataCenter.cpp:824]
2025-03-21T09:06:12.193 TRACE [INITIALIZE] Output Info of subbasin: 0: SOL_COV: SUM-AVE, 2016-06-17 -- 2016-06-18 05:00:00, ALL [DataCenter.cpp:824]
2025-03-21T09:06:12.193 TRACE [INITIALIZE] Output Info of subbasin: 0: LAIDAY: SUM-AVE, 2016-06-17 -- 2016-06-18 05:00:00, ALL [DataCenter.cpp:824]
2025-03-21T09:06:12.193 TRACE [INITIALIZE] Output Info of subbasin: 0: BIOMASS: AVE-SUM, 2016-06-17 -- 2016-06-18 05:00:00, ALL [DataCenter.cpp:824]
2025-03-21T09:06:12.193 TRACE [INITIALIZE] Output Info of subbasin: 0: SBIF: NONE, 2016-06-17 -- 2016-06-18 05:00:00, OUTLET [DataCenter.cpp:824]
2025-03-21T09:06:12.193 TRACE [INITIALIZE] Output Info of subbasin: 0: QRECH: NONE, 2016-06-17 -- 2016-06-18 05:00:00, OUTLET [DataCenter.cpp:824]
2025-03-21T09:06:12.194 TRACE [INITIALIZE] Output Info of subbasin: 0: QSUBBASIN: NONE, 2016-06-17 -- 2016-06-18 05:00:00, OUTLET [DataCenter.cpp:824]
2025-03-21T09:06:12.194 TRACE [INITIALIZE] Output Info of subbasin: 0: QSOIL: SUM, 2016-06-17 -- 2016-06-18 05:00:00, ALL [DataCenter.cpp:824]
2025-03-21T09:06:12.194 TRACE [INITIALIZE] Output Info of subbasin: 0: QOVERLAND: SUM, 2016-06-17 -- 2016-06-18 05:00:00, ALL [DataCenter.cpp:824]
2025-03-21T09:06:12.194 TRACE [INITIALIZE] Output Info of subbasin: 0: SEDRECH: NONE, 2016-06-17 -- 2016-06-18 05:00:00, OUTLET [DataCenter.cpp:824]
2025-03-21T09:06:12.194 TRACE [INITIALIZE] Output Info of subbasin: 0: SEDRECHConc: NONE, 2016-06-17 -- 2016-06-18 05:00:00, OUTLET [DataCenter.cpp:824]
2025-03-21T09:06:12.194 TRACE [INITIALIZE] Output Info of subbasin: 0: SBQG: NONE, 2016-06-17 -- 2016-06-18 05:00:00, OUTLET [DataCenter.cpp:824]
2025-03-21T09:06:12.195 TRACE [INITIALIZE] Output Info of subbasin: 0: SBGS: NONE, 2016-06-17 -- 2016-06-18 05:00:00, OUTLET [DataCenter.cpp:824]
2025-03-21T09:06:12.195 TRACE [INITIALIZE] Output Info of subbasin: 0: GWWB: NONE, 2016-06-17 -- 2016-06-18 05:00:00, OUTLET [DataCenter.cpp:824]
2025-03-21T09:06:12.195 TRACE [INITIALIZE] Output Info of subbasin: 0: SBOF: NONE, 2016-06-17 -- 2016-06-18 05:00:00, OUTLET [DataCenter.cpp:824]
2025-03-21T09:06:12.195 TRACE [INITIALIZE] Output Info of subbasin: 0: QS: NONE, 2016-06-17 -- 2016-06-18 05:00:00, OUTLET [DataCenter.cpp:824]
2025-03-21T09:06:12.195 TRACE [INITIALIZE] Output Info of subbasin: 0: QI: NONE, 2016-06-17 -- 2016-06-18 05:00:00, OUTLET [DataCenter.cpp:824]
2025-03-21T09:06:12.195 TRACE [INITIALIZE] Output Info of subbasin: 0: QG: NONE, 2016-06-17 -- 2016-06-18 05:00:00, OUTLET [DataCenter.cpp:824]
2025-03-21T09:06:12.196 TRACE [INITIALIZE] Output Info of subbasin: 0: CHST: NONE, 2016-06-17 -- 2016-06-18 05:00:00, OUTLET [DataCenter.cpp:824]
2025-03-21T09:06:12.196 TRACE [INITIALIZE] Output Info of subbasin: 0: CHWTRDEPTH: NONE, 2016-06-17 -- 2016-06-18 05:00:00, OUTLET [DataCenter.cpp:824]
2025-03-21T09:06:12.196 TRACE [INITIALIZE] Output Info of subbasin: 0: CHWTRWIDTH: NONE, 2016-06-17 -- 2016-06-18 05:00:00, OUTLET [DataCenter.cpp:824]
2025-03-21T09:06:12.200 TRACE [INITIALIZE] ReadClimateSiteList: { "SUBBASINID" : 0, "MODE" : "STORM" } [DataCenterMongoDB.cpp:319]
2025-03-21T09:06:12.206 TRACE [INITIALIZE] Query Regular measurement data: filter: { "STATIONID" : { "$in" : [ 58911 ] }, "TYPE" : "TMEAN", "UTCDATETIME" : { "$gte" : { "$date" : 1466139600000 }, "$lte" : { "$date" : 1466226000000 } } } [RegularMeasurement.cpp:63]
2025-03-21T09:06:12.206 TRACE [INITIALIZE] Query Regular measurement data: opts: { "sort" : { "STATIONID" : 1, "UTCDATETIME" : 1 } } [RegularMeasurement.cpp:64]
2025-03-21T09:06:12.228 TRACE [INITIALIZE] ReadSitesInfo: { "STATIONID" : { "$in" : [ 58911 ] }, "TYPE" : "M" } [InputStation.cpp:95]
2025-03-21T09:06:12.230 TRACE [INITIALIZE] Query Regular measurement data: filter: { "STATIONID" : { "$in" : [ 58911 ] }, "TYPE" : "TMAX", "UTCDATETIME" : { "$gte" : { "$date" : 1466139600000 }, "$lte" : { "$date" : 1466226000000 } } } [RegularMeasurement.cpp:63]
2025-03-21T09:06:12.230 TRACE [INITIALIZE] Query Regular measurement data: opts: { "sort" : { "STATIONID" : 1, "UTCDATETIME" : 1 } } [RegularMeasurement.cpp:64]
2025-03-21T09:06:12.257 TRACE [INITIALIZE] Query Regular measurement data: filter: { "STATIONID" : { "$in" : [ 58911 ] }, "TYPE" : "TMIN", "UTCDATETIME" : { "$gte" : { "$date" : 1466139600000 }, "$lte" : { "$date" : 1466226000000 } } } [RegularMeasurement.cpp:63]
2025-03-21T09:06:12.257 TRACE [INITIALIZE] Query Regular measurement data: opts: { "sort" : { "STATIONID" : 1, "UTCDATETIME" : 1 } } [RegularMeasurement.cpp:64]
2025-03-21T09:06:12.282 TRACE [INITIALIZE] Query Regular measurement data: filter: { "STATIONID" : { "$in" : [ 58911 ] }, "TYPE" : "SR", "UTCDATETIME" : { "$gte" : { "$date" : 1466139600000 }, "$lte" : { "$date" : 1466226000000 } } } [RegularMeasurement.cpp:63]
2025-03-21T09:06:12.283 TRACE [INITIALIZE] Query Regular measurement data: opts: { "sort" : { "STATIONID" : 1, "UTCDATETIME" : 1 } } [RegularMeasurement.cpp:64]
2025-03-21T09:06:12.305 TRACE [INITIALIZE] Query Regular measurement data: filter: { "STATIONID" : { "$in" : [ 58911 ] }, "TYPE" : "WS", "UTCDATETIME" : { "$gte" : { "$date" : 1466139600000 }, "$lte" : { "$date" : 1466226000000 } } } [RegularMeasurement.cpp:63]
2025-03-21T09:06:12.306 TRACE [INITIALIZE] Query Regular measurement data: opts: { "sort" : { "STATIONID" : 1, "UTCDATETIME" : 1 } } [RegularMeasurement.cpp:64]
2025-03-21T09:06:12.324 TRACE [INITIALIZE] Query Regular measurement data: filter: { "STATIONID" : { "$in" : [ 58911 ] }, "TYPE" : "RM", "UTCDATETIME" : { "$gte" : { "$date" : 1466139600000 }, "$lte" : { "$date" : 1466226000000 } } } [RegularMeasurement.cpp:63]
2025-03-21T09:06:12.324 TRACE [INITIALIZE] Query Regular measurement data: opts: { "sort" : { "STATIONID" : 1, "UTCDATETIME" : 1 } } [RegularMeasurement.cpp:64]
2025-03-21T09:06:12.344 TRACE [INITIALIZE] Query Regular measurement data: filter: { "STATIONID" : { "$in" : [ 81502750 ] }, "TYPE" : "P", "UTCDATETIME" : { "$gte" : { "$date" : 1466139600000 }, "$lte" : { "$date" : 1466226000000 } } } [RegularMeasurement.cpp:63]
2025-03-21T09:06:12.344 TRACE [INITIALIZE] Query Regular measurement data: opts: { "sort" : { "STATIONID" : 1, "UTCDATETIME" : 1 } } [RegularMeasurement.cpp:64]
2025-03-21T09:06:12.365 TRACE [INITIALIZE] ReadSitesInfo: { "STATIONID" : { "$in" : [ 81502750 ] }, "TYPE" : "P", "TYPE" : { "$in" : [ "P", "M" ] } } [InputStation.cpp:95]
2025-03-21T09:06:12.497 TRACE [INITIALIZE] Set WEIGHT: 0_WEIGHT_P done, TIMESPAN 0.0416764 sec. [DataCenter.cpp:498]
2025-03-21T09:06:12.499 TRACE [INITIALIZE] Set DEM: 0_DEM done, TIMESPAN 0.0025846 sec. [DataCenter.cpp:498]
2025-03-21T09:06:12.499 TRACE [INITIALIZE] Set STATIONELEVATION_P: 0_STATIONELEVATION_P done, TIMESPAN 0.0001117 sec. [DataCenter.cpp:498]
2025-03-21T09:06:12.500 TRACE [INITIALIZE] Set LAPSERATE: 0_LAPSERATE done, TIMESPAN 7.8e-05 sec. [DataCenter.cpp:498]
2025-03-21T09:06:12.500 TRACE [INITIALIZE] Set DATATYPE: 0_DATATYPE done, TIMESPAN 3.28e-05 sec. [DataCenter.cpp:559]
2025-03-21T09:06:12.528 TRACE [INITIALIZE] Set WEIGHT: 0_WEIGHT_M done, TIMESPAN 0.0285019 sec. [DataCenter.cpp:498]
2025-03-21T09:06:12.529 TRACE [INITIALIZE] Set DEM: 0_DEM done, TIMESPAN 5.11e-05 sec. [DataCenter.cpp:498]
2025-03-21T09:06:12.529 TRACE [INITIALIZE] Set STATIONELEVATION_M: 0_STATIONELEVATION_M done, TIMESPAN 0.0001265 sec. [DataCenter.cpp:498]
2025-03-21T09:06:12.529 TRACE [INITIALIZE] Set LAPSERATE: 0_LAPSERATE done, TIMESPAN 5.46e-05 sec. [DataCenter.cpp:498]
2025-03-21T09:06:12.529 TRACE [INITIALIZE] Set DATATYPE: 0_DATATYPE done, TIMESPAN 3.04e-05 sec. [DataCenter.cpp:559]
2025-03-21T09:06:12.529 TRACE [INITIALIZE] Set WEIGHT: 0_WEIGHT_M done, TIMESPAN 6.34e-05 sec. [DataCenter.cpp:498]
2025-03-21T09:06:12.529 TRACE [INITIALIZE] Set DEM: 0_DEM done, TIMESPAN 4.34e-05 sec. [DataCenter.cpp:498]
2025-03-21T09:06:12.529 TRACE [INITIALIZE] Set STATIONELEVATION_M: 0_STATIONELEVATION_M done, TIMESPAN 5.63e-05 sec. [DataCenter.cpp:498]
2025-03-21T09:06:12.531 TRACE [INITIALIZE] Set LAPSERATE: 0_LAPSERATE done, TIMESPAN 5.15e-05 sec. [DataCenter.cpp:498]
2025-03-21T09:06:12.531 TRACE [INITIALIZE] Set DATATYPE: 0_DATATYPE done, TIMESPAN 3.83e-05 sec. [DataCenter.cpp:559]
2025-03-21T09:06:12.531 TRACE [INITIALIZE] Set WEIGHT: 0_WEIGHT_M done, TIMESPAN 5.88e-05 sec. [DataCenter.cpp:498]
2025-03-21T09:06:12.531 TRACE [INITIALIZE] Set DEM: 0_DEM done, TIMESPAN 4.09e-05 sec. [DataCenter.cpp:498]
2025-03-21T09:06:12.531 TRACE [INITIALIZE] Set STATIONELEVATION_M: 0_STATIONELEVATION_M done, TIMESPAN 5.36e-05 sec. [DataCenter.cpp:498]
2025-03-21T09:06:12.532 TRACE [INITIALIZE] Set LAPSERATE: 0_LAPSERATE done, TIMESPAN 7.55e-05 sec. [DataCenter.cpp:498]
2025-03-21T09:06:12.532 TRACE [INITIALIZE] Set DATATYPE: 0_DATATYPE done, TIMESPAN 6.45e-05 sec. [DataCenter.cpp:559]
2025-03-21T09:06:12.532 TRACE [INITIALIZE] Set WEIGHT: 0_WEIGHT_M done, TIMESPAN 8.24e-05 sec. [DataCenter.cpp:498]
2025-03-21T09:06:12.532 TRACE [INITIALIZE] Set DEM: 0_DEM done, TIMESPAN 6.74e-05 sec. [DataCenter.cpp:498]
2025-03-21T09:06:12.532 TRACE [INITIALIZE] Set STATIONELEVATION_M: 0_STATIONELEVATION_M done, TIMESPAN 8.28e-05 sec. [DataCenter.cpp:498]
2025-03-21T09:06:12.533 TRACE [INITIALIZE] Set LAPSERATE: 0_LAPSERATE done, TIMESPAN 6.24e-05 sec. [DataCenter.cpp:498]
2025-03-21T09:06:12.533 TRACE [INITIALIZE] Set DATATYPE: 0_DATATYPE done, TIMESPAN 3.92e-05 sec. [DataCenter.cpp:559]
2025-03-21T09:06:12.533 TRACE [INITIALIZE] Set WEIGHT: 0_WEIGHT_M done, TIMESPAN 7.88e-05 sec. [DataCenter.cpp:498]
2025-03-21T09:06:12.533 TRACE [INITIALIZE] Set DEM: 0_DEM done, TIMESPAN 4.99e-05 sec. [DataCenter.cpp:498]
2025-03-21T09:06:12.533 TRACE [INITIALIZE] Set STATIONELEVATION_M: 0_STATIONELEVATION_M done, TIMESPAN 6.26e-05 sec. [DataCenter.cpp:498]
2025-03-21T09:06:12.534 TRACE [INITIALIZE] Set LAPSERATE: 0_LAPSERATE done, TIMESPAN 8.14e-05 sec. [DataCenter.cpp:498]
2025-03-21T09:06:12.534 TRACE [INITIALIZE] Set DATATYPE: 0_DATATYPE done, TIMESPAN 5.21e-05 sec. [DataCenter.cpp:559]
2025-03-21T09:06:12.534 TRACE [INITIALIZE] Set WEIGHT: 0_WEIGHT_M done, TIMESPAN 0.0001017 sec. [DataCenter.cpp:498]
2025-03-21T09:06:12.534 TRACE [INITIALIZE] Set DEM: 0_DEM done, TIMESPAN 6.44e-05 sec. [DataCenter.cpp:498]
2025-03-21T09:06:12.535 TRACE [INITIALIZE] Set STATIONELEVATION_M: 0_STATIONELEVATION_M done, TIMESPAN 9.51e-05 sec. [DataCenter.cpp:498]
2025-03-21T09:06:12.535 TRACE [INITIALIZE] Set LAPSERATE: 0_LAPSERATE done, TIMESPAN 7.66e-05 sec. [DataCenter.cpp:498]
2025-03-21T09:06:12.535 TRACE [INITIALIZE] Set DATATYPE: 0_DATATYPE done, TIMESPAN 5.37e-05 sec. [DataCenter.cpp:559]
2025-03-21T09:06:12.535 TRACE [INITIALIZE] Set SLOPE: 0_SLOPE done, TIMESPAN 0.0001021 sec. [DataCenter.cpp:498]
2025-03-21T09:06:12.537 TRACE [INITIALIZE] Set INTERC_MAX: 0_INTERC_MAX done, TIMESPAN 0.0020855 sec. [DataCenter.cpp:498]
2025-03-21T09:06:12.540 TRACE [INITIALIZE] Set INTERC_MIN: 0_INTERC_MIN done, TIMESPAN 0.0016124 sec. [DataCenter.cpp:498]
2025-03-21T09:06:12.540 TRACE [INITIALIZE] Set PI_B: 0_PI_B done, TIMESPAN 8.76e-05 sec. [DataCenter.cpp:498]
2025-03-21T09:06:12.540 TRACE [INITIALIZE] Set INIT_IS: 0_INIT_IS done, TIMESPAN 8.01e-05 sec. [DataCenter.cpp:498]
2025-03-21T09:06:12.541 TRACE [INITIALIZE] Set DT_HS: 0_DT_HS done, TIMESPAN 5.72e-05 sec. [DataCenter.cpp:559]
2025-03-21T09:06:12.541 TRACE [INITIALIZE] Set LANDUSE: 0_LANDUSE done, TIMESPAN 4.3e-05 sec. [DataCenter.cpp:559]
2025-03-21T09:06:12.543 TRACE [INITIALIZE] Set POROSITY: 0_POROSITY done, TIMESPAN 0.0024389 sec. [DataCenter.cpp:498]
2025-03-21T09:06:12.545 TRACE [INITIALIZE] Set SOILDEPTH: 0_SOILDEPTH done, TIMESPAN 0.0020892 sec. [DataCenter.cpp:498]
2025-03-21T09:06:12.548 TRACE [INITIALIZE] Set CLAY: 0_CLAY done, TIMESPAN 0.0022122 sec. [DataCenter.cpp:498]
2025-03-21T09:06:12.550 TRACE [INITIALIZE] Set SAND: 0_SAND done, TIMESPAN 0.0026792 sec. [DataCenter.cpp:498]
2025-03-21T09:06:12.553 TRACE [INITIALIZE] Set CONDUCTIVITY: 0_CONDUCTIVITY done, TIMESPAN 0.0025393 sec. [DataCenter.cpp:498]
2025-03-21T09:06:12.555 TRACE [INITIALIZE] Set MOIST_IN: 0_MOIST_IN done, TIMESPAN 0.0015012 sec. [DataCenter.cpp:498]
2025-03-21T09:06:12.557 TRACE [INITIALIZE] Set FIELDCAP: 0_FIELDCAP done, TIMESPAN 0.0021996 sec. [DataCenter.cpp:498]
2025-03-21T09:06:12.558 TRACE [INITIALIZE] Set DT_HS: 0_DT_HS done, TIMESPAN 5.68e-05 sec. [DataCenter.cpp:559]
2025-03-21T09:06:12.559 TRACE [INITIALIZE] Set SOILLAYERS: 0_SOILLAYERS done, TIMESPAN 0.0015291 sec. [DataCenter.cpp:559]
2025-03-21T09:06:12.560 TRACE [INITIALIZE] Set DEPRE_IN: 0_DEPRE_IN done, TIMESPAN 0.0001065 sec. [DataCenter.cpp:498]
2025-03-21T09:06:12.561 TRACE [INITIALIZE] Set DEPRESSION: 0_DEPRESSION done, TIMESPAN 0.0013989 sec. [DataCenter.cpp:498]
2025-03-21T09:06:12.561 TRACE [INITIALIZE] Set CELLWIDTH: 0_CELLWIDTH done, TIMESPAN 8.23e-05 sec. [DataCenter.cpp:498]
2025-03-21T09:06:12.561 TRACE [INITIALIZE] Set SLOPE: 0_SLOPE done, TIMESPAN 4.66e-05 sec. [DataCenter.cpp:498]
2025-03-21T09:06:12.563 TRACE [INITIALIZE] Set CH_WIDTH: 0_CH_WIDTH done, TIMESPAN 0.0014406 sec. [DataCenter.cpp:498]
2025-03-21T09:06:12.565 TRACE [INITIALIZE] Set MANNING: 0_MANNING done, TIMESPAN 0.0017017 sec. [DataCenter.cpp:498]
2025-03-21T09:06:12.567 TRACE [INITIALIZE] Set FLOW_DIR: 0_FLOW_DIR done, TIMESPAN 0.0015995 sec. [DataCenter.cpp:498]
2025-03-21T09:06:12.567 TRACE [INITIALIZE] Set DT_HS: 0_DT_HS done, TIMESPAN 7.03e-05 sec. [DataCenter.cpp:559]
2025-03-21T09:06:12.567 TRACE [INITIALIZE] Set CELLSIZE: 0_CELLSIZE done, TIMESPAN 5.98e-05 sec. [DataCenter.cpp:559]
2025-03-21T09:06:12.569 TRACE [INITIALIZE] Set STREAM_LINK: 0_STREAM_LINK done, TIMESPAN 0.001468 sec. [DataCenter.cpp:559]
2025-03-21T09:06:12.571 TRACE [INITIALIZE] Set FLOWIN_INDEX: 0_FLOWIN_INDEX done, TIMESPAN 0.0011164 sec. [DataCenter.cpp:559]
2025-03-21T09:06:12.572 TRACE [INITIALIZE] Set ROUTING_LAYERS: 0_ROUTING_LAYERS done, TIMESPAN 0.0009126 sec. [DataCenter.cpp:559]
2025-03-21T09:06:12.573 TRACE [INITIALIZE] Set FLOWOUT_INDEX: 0_FLOWOUT_INDEX done, TIMESPAN 0.0010555 sec. [DataCenter.cpp:559]
2025-03-21T09:06:12.573 TRACE [INITIALIZE] Set CELLWIDTH: 0_CELLWIDTH done, TIMESPAN 8.39e-05 sec. [DataCenter.cpp:498]
2025-03-21T09:06:12.573 TRACE [INITIALIZE] Set CONDUCTIVITY: 0_CONDUCTIVITY done, TIMESPAN 5.2e-05 sec. [DataCenter.cpp:498]
2025-03-21T09:06:12.573 TRACE [INITIALIZE] Set POROSITY: 0_POROSITY done, TIMESPAN 4.94e-05 sec. [DataCenter.cpp:498]
2025-03-21T09:06:12.576 TRACE [INITIALIZE] Set POREINDEX: 0_POREINDEX done, TIMESPAN 0.0022124 sec. [DataCenter.cpp:498]
2025-03-21T09:06:12.576 TRACE [INITIALIZE] Set FIELDCAP: 0_FIELDCAP done, TIMESPAN 4.9e-05 sec. [DataCenter.cpp:498]
2025-03-21T09:06:12.576 TRACE [INITIALIZE] Set SOILDEPTH: 0_SOILDEPTH done, TIMESPAN 5.51e-05 sec. [DataCenter.cpp:498]
2025-03-21T09:06:12.576 TRACE [INITIALIZE] Set DT_HS: 0_DT_HS done, TIMESPAN 4.98e-05 sec. [DataCenter.cpp:559]
2025-03-21T09:06:12.576 TRACE [INITIALIZE] Set CELLSIZE: 0_CELLSIZE done, TIMESPAN 4.34e-05 sec. [DataCenter.cpp:559]
2025-03-21T09:06:12.577 TRACE [INITIALIZE] Set CELLWIDTH: 0_CELLWIDTH done, TIMESPAN 7.94e-05 sec. [DataCenter.cpp:498]
2025-03-21T09:06:12.577 TRACE [INITIALIZE] Set SLOPE: 0_SLOPE done, TIMESPAN 4.67e-05 sec. [DataCenter.cpp:498]
2025-03-21T09:06:12.577 TRACE [INITIALIZE] Set CH_WIDTH: 0_CH_WIDTH done, TIMESPAN 4.63e-05 sec. [DataCenter.cpp:498]
2025-03-21T09:06:12.577 TRACE [INITIALIZE] Set SOILDEPTH: 0_SOILDEPTH done, TIMESPAN 4.08e-05 sec. [DataCenter.cpp:498]
2025-03-21T09:06:12.577 TRACE [INITIALIZE] Set CONDUCTIVITY: 0_CONDUCTIVITY done, TIMESPAN 6.02e-05 sec. [DataCenter.cpp:498]
2025-03-21T09:06:12.577 TRACE [INITIALIZE] Set POROSITY: 0_POROSITY done, TIMESPAN 4.74e-05 sec. [DataCenter.cpp:498]
2025-03-21T09:06:12.578 TRACE [INITIALIZE] Set POREINDEX: 0_POREINDEX done, TIMESPAN 4.95e-05 sec. [DataCenter.cpp:498]
2025-03-21T09:06:12.578 TRACE [INITIALIZE] Set FIELDCAP: 0_FIELDCAP done, TIMESPAN 4.39e-05 sec. [DataCenter.cpp:498]
2025-03-21T09:06:12.578 TRACE [INITIALIZE] Set KI: 0_KI done, TIMESPAN 5.9e-05 sec. [DataCenter.cpp:498]
2025-03-21T09:06:12.578 TRACE [INITIALIZE] Set DT_HS: 0_DT_HS done, TIMESPAN 4.78e-05 sec. [DataCenter.cpp:559]
2025-03-21T09:06:12.578 TRACE [INITIALIZE] Set STREAM_LINK: 0_STREAM_LINK done, TIMESPAN 4.07e-05 sec. [DataCenter.cpp:559]
2025-03-21T09:06:12.578 TRACE [INITIALIZE] Set FLOWIN_INDEX: 0_FLOWIN_INDEX done, TIMESPAN 5.29e-05 sec. [DataCenter.cpp:559]
2025-03-21T09:06:12.578 TRACE [INITIALIZE] Set ROUTING_LAYERS: 0_ROUTING_LAYERS done, TIMESPAN 4.45e-05 sec. [DataCenter.cpp:559]
2025-03-21T09:06:12.657 TRACE [INITIALIZE] Set SUBBASIN: 0_SUBBASIN done, TIMESPAN 0.0777815 sec. [DataCenter.cpp:498]
2025-03-21T09:06:12.657 TRACE [INITIALIZE] Set REACHPARAM: 0_REACHPARAM done, TIMESPAN 5.87e-05 sec. [DataCenter.cpp:498]
2025-03-21T09:06:12.657 TRACE [INITIALIZE] Set CELLWIDTH: 0_CELLWIDTH done, TIMESPAN 7.27e-05 sec. [DataCenter.cpp:498]
2025-03-21T09:06:12.657 TRACE [INITIALIZE] Set KG: 0_KG done, TIMESPAN 8.13e-05 sec. [DataCenter.cpp:498]
2025-03-21T09:06:12.657 TRACE [INITIALIZE] Set BASE_EX: 0_BASE_EX done, TIMESPAN 6.42e-05 sec. [DataCenter.cpp:498]
2025-03-21T09:06:12.657 TRACE [INITIALIZE] Set GW0: 0_GW0 done, TIMESPAN 9.94e-05 sec. [DataCenter.cpp:498]
2025-03-21T09:06:12.659 TRACE [INITIALIZE] Set GWMAX: 0_GWMAX done, TIMESPAN 6.62e-05 sec. [DataCenter.cpp:498]
2025-03-21T09:06:12.659 TRACE [INITIALIZE] Set SUBBASINID: 0_SUBBASINID done, TIMESPAN 7.54e-05 sec. [DataCenter.cpp:559]
2025-03-21T09:06:12.659 TRACE [INITIALIZE] Set DT_HS: 0_DT_HS done, TIMESPAN 7.22e-05 sec. [DataCenter.cpp:559]
2025-03-21T09:06:12.659 TRACE [INITIALIZE] Set CELLWIDTH: 0_CELLWIDTH done, TIMESPAN 8.74e-05 sec. [DataCenter.cpp:498]
2025-03-21T09:06:12.659 TRACE [INITIALIZE] Set DEM: 0_DEM done, TIMESPAN 6.44e-05 sec. [DataCenter.cpp:498]
2025-03-21T09:06:12.659 TRACE [INITIALIZE] Set SLOPE: 0_SLOPE done, TIMESPAN 4.11e-05 sec. [DataCenter.cpp:498]
2025-03-21T09:06:12.660 TRACE [INITIALIZE] Set FLOW_DIR: 0_FLOW_DIR done, TIMESPAN 5.02e-05 sec. [DataCenter.cpp:498]
2025-03-21T09:06:12.660 TRACE [INITIALIZE] Set CH_WIDTH: 0_CH_WIDTH done, TIMESPAN 5.74e-05 sec. [DataCenter.cpp:498]
2025-03-21T09:06:12.660 TRACE [INITIALIZE] Set REACHPARAM: 0_REACHPARAM done, TIMESPAN 0.0001508 sec. [DataCenter.cpp:498]
2025-03-21T09:06:12.660 TRACE [INITIALIZE] Set DT_HS: 0_DT_HS done, TIMESPAN 5.27e-05 sec. [DataCenter.cpp:559]
2025-03-21T09:06:12.660 TRACE [INITIALIZE] Set CELLSIZE: 0_CELLSIZE done, TIMESPAN 4.81e-05 sec. [DataCenter.cpp:559]
2025-03-21T09:06:12.661 TRACE [INITIALIZE] Set FLOWOUT_INDEX: 0_FLOWOUT_INDEX done, TIMESPAN 7.47e-05 sec. [DataCenter.cpp:559]
2025-03-21T09:06:12.661 TRACE [INITIALIZE] Set FLOWIN_INDEX: 0_FLOWIN_INDEX done, TIMESPAN 6.77e-05 sec. [DataCenter.cpp:559]
2025-03-21T09:06:12.661 TRACE [INITIALIZE] Set STREAM_LINK: 0_STREAM_LINK done, TIMESPAN 4.83e-05 sec. [DataCenter.cpp:559]
2025-03-21T09:06:12.661 TRACE [INITIALIZE] Set CELLWIDTH: 0_CELLWIDTH done, TIMESPAN 0.0001093 sec. [DataCenter.cpp:498]
2025-03-21T09:06:12.661 TRACE [INITIALIZE] Set OMEGA: 0_OMEGA done, TIMESPAN 7.87e-05 sec. [DataCenter.cpp:498]
2025-03-21T09:06:12.663 TRACE [INITIALIZE] Set USLE_K: 0_USLE_K done, TIMESPAN 0.0023019 sec. [DataCenter.cpp:498]
2025-03-21T09:06:12.666 TRACE [INITIALIZE] Set USLE_C: 0_USLE_C done, TIMESPAN 0.0015939 sec. [DataCenter.cpp:498]
2025-03-21T09:06:12.666 TRACE [INITIALIZE] Set SLOPE: 0_SLOPE done, TIMESPAN 6.29e-05 sec. [DataCenter.cpp:498]
2025-03-21T09:06:12.667 TRACE [INITIALIZE] Set CELLSIZE: 0_CELLSIZE done, TIMESPAN 5.67e-05 sec. [DataCenter.cpp:559]
2025-03-21T09:06:12.667 TRACE [INITIALIZE] Set DT_HS: 0_DT_HS done, TIMESPAN 5.45e-05 sec. [DataCenter.cpp:559]
2025-03-21T09:06:12.667 TRACE [INITIALIZE] Set CELLWIDTH: 0_CELLWIDTH done, TIMESPAN 7.24e-05 sec. [DataCenter.cpp:498]
2025-03-21T09:06:12.667 TRACE [INITIALIZE] Set ECO1: 0_ECO1 done, TIMESPAN 6.98e-05 sec. [DataCenter.cpp:498]
2025-03-21T09:06:12.667 TRACE [INITIALIZE] Set ECO2: 0_ECO2 done, TIMESPAN 6.08e-05 sec. [DataCenter.cpp:498]
2025-03-21T09:06:12.667 TRACE [INITIALIZE] Set CCOE: 0_CCOE done, TIMESPAN 6.03e-05 sec. [DataCenter.cpp:498]
2025-03-21T09:06:12.668 TRACE [INITIALIZE] Set SLOPE: 0_SLOPE done, TIMESPAN 4.33e-05 sec. [DataCenter.cpp:498]
2025-03-21T09:06:12.668 TRACE [INITIALIZE] Set USLE_K: 0_USLE_K done, TIMESPAN 4.23e-05 sec. [DataCenter.cpp:498]
2025-03-21T09:06:12.668 TRACE [INITIALIZE] Set USLE_C: 0_USLE_C done, TIMESPAN 4.23e-05 sec. [DataCenter.cpp:498]
2025-03-21T09:06:12.668 TRACE [INITIALIZE] Set MANNING: 0_MANNING done, TIMESPAN 3.92e-05 sec. [DataCenter.cpp:498]
2025-03-21T09:06:12.668 TRACE [INITIALIZE] Set CH_WIDTH: 0_CH_WIDTH done, TIMESPAN 4.76e-05 sec. [DataCenter.cpp:498]
2025-03-21T09:06:12.668 TRACE [INITIALIZE] Set CELLSIZE: 0_CELLSIZE done, TIMESPAN 3.95e-05 sec. [DataCenter.cpp:559]
2025-03-21T09:06:12.668 TRACE [INITIALIZE] Set DT_HS: 0_DT_HS done, TIMESPAN 4.87e-05 sec. [DataCenter.cpp:559]
2025-03-21T09:06:12.668 TRACE [INITIALIZE] Set STREAM_LINK: 0_STREAM_LINK done, TIMESPAN 3.88e-05 sec. [DataCenter.cpp:559]
2025-03-21T09:06:12.668 TRACE [INITIALIZE] Set FLOWIN_INDEX: 0_FLOWIN_INDEX done, TIMESPAN 5.05e-05 sec. [DataCenter.cpp:559]
2025-03-21T09:06:12.668 TRACE [INITIALIZE] Set ROUTING_LAYERS: 0_ROUTING_LAYERS done, TIMESPAN 4.27e-05 sec. [DataCenter.cpp:559]
2025-03-21T09:06:12.669 TRACE [INITIALIZE] Set CELLWIDTH: 0_CELLWIDTH done, TIMESPAN 7.5e-05 sec. [DataCenter.cpp:498]
2025-03-21T09:06:12.669 TRACE [INITIALIZE] Set CHTCCO: 0_CHTCCO done, TIMESPAN 6.08e-05 sec. [DataCenter.cpp:498]
2025-03-21T09:06:12.669 TRACE [INITIALIZE] Set CHDETCO: 0_CHDETCO done, TIMESPAN 5.85e-05 sec. [DataCenter.cpp:498]
2025-03-21T09:06:12.669 TRACE [INITIALIZE] Set CH_WIDTH: 0_CH_WIDTH done, TIMESPAN 4.7e-05 sec. [DataCenter.cpp:498]
2025-03-21T09:06:12.669 TRACE [INITIALIZE] Set SLOPE: 0_SLOPE done, TIMESPAN 3.81e-05 sec. [DataCenter.cpp:498]
2025-03-21T09:06:12.669 TRACE [INITIALIZE] Set USLE_K: 0_USLE_K done, TIMESPAN 5.03e-05 sec. [DataCenter.cpp:498]
2025-03-21T09:06:12.670 TRACE [INITIALIZE] Set REACHPARAM: 0_REACHPARAM done, TIMESPAN 0.0001277 sec. [DataCenter.cpp:498]
2025-03-21T09:06:12.670 TRACE [INITIALIZE] Set CELLSIZE: 0_CELLSIZE done, TIMESPAN 4.04e-05 sec. [DataCenter.cpp:559]
2025-03-21T09:06:12.670 TRACE [INITIALIZE] Set DT_HS: 0_DT_HS done, TIMESPAN 6.64e-05 sec. [DataCenter.cpp:559]
2025-03-21T09:06:12.670 TRACE [INITIALIZE] Set STREAM_LINK: 0_STREAM_LINK done, TIMESPAN 4.81e-05 sec. [DataCenter.cpp:559]
2025-03-21T09:06:12.670 TRACE [INITIALIZE] Set FLOWOUT_INDEX: 0_FLOWOUT_INDEX done, TIMESPAN 6.34e-05 sec. [DataCenter.cpp:559]
2025-03-21T09:06:12.671 TRACE [INITIALIZE] Set FLOWIN_INDEX: 0_FLOWIN_INDEX done, TIMESPAN 5.47e-05 sec. [DataCenter.cpp:559]
2025-03-21T09:06:12.671 TRACE [INITIALIZE] Loading data for modules, TIMESPAN 0.216615 sec. [DataCenter.cpp:437]
2025-03-21T09:06:12.671 WARN  [default] Can't find output variable for output id : BIOMASS.

2025-03-21T09:06:12.671 WARN  [default] Can't find output variable for output id : CHST.

2025-03-21T09:06:12.671 WARN  [default] Can't find output variable for output id : CHWTRDEPTH.

2025-03-21T09:06:12.673 WARN  [default] Can't find output variable for output id : CHWTRWIDTH.

2025-03-21T09:06:12.673 WARN  [default] Can't find output variable for output id : DEET.

2025-03-21T09:06:12.673 WARN  [default] Can't find output variable for output id : GWWB.

2025-03-21T09:06:12.673 WARN  [default] Can't find output variable for output id : INET.

2025-03-21T09:06:12.674 WARN  [default] Can't find output variable for output id : LAIDAY.

2025-03-21T09:06:12.674 WARN  [default] Can't find output variable for output id : PET.

2025-03-21T09:06:12.674 WARN  [default] Can't find output variable for output id : PPT.

2025-03-21T09:06:12.675 WARN  [default] Can't find output variable for output id : QG.

2025-03-21T09:06:12.675 WARN  [default] Can't find output variable for output id : QI.

2025-03-21T09:06:12.675 WARN  [default] Can't find output variable for output id : QRECH.

2025-03-21T09:06:12.675 WARN  [default] Can't find output variable for output id : QS.

2025-03-21T09:06:12.676 WARN  [default] Can't find output variable for output id : SBIF.

2025-03-21T09:06:12.676 WARN  [default] Can't find output variable for output id : SBOF.

2025-03-21T09:06:12.676 WARN  [default] Can't find output variable for output id : SEDRECH.

2025-03-21T09:06:12.677 WARN  [default] Can't find output variable for output id : SEDRECHConc.

2025-03-21T09:06:12.677 WARN  [default] Can't find output variable for output id : SED_OL.

2025-03-21T09:06:12.677 WARN  [default] Can't find output variable for output id : SOER.

2025-03-21T09:06:12.678 WARN  [default] Can't find output variable for output id : SOET.

2025-03-21T09:06:12.678 WARN  [default] Can't find output variable for output id : SOL_COV.

2025-03-21T09:06:12.678 WARN  [default] Can't find output variable for output id : USLE_C.

2025-03-21T09:06:12.678 WARN  [default] Can't find output variable for output id : USLE_L.

2025-03-21T09:06:12.678 WARN  [default] Can't find output variable for output id : USLE_S.

2025-03-21T09:06:12.679 INFO  [TIMESPAN] [IO  ][Input] 0.619
2025-03-21T09:06:12.679 DEBUG [default] Simulation year: 2016
2025-03-21T09:06:12.679 DEBUG [default] 2016-06-17 05:00:00
2025-03-21T09:06:13.777 DEBUG [default] 2016-06-17 05:02:00
2025-03-21T09:06:13.788 DEBUG [default] 2016-06-17 05:04:00
2025-03-21T09:06:13.799 DEBUG [default] 2016-06-17 05:06:00
2025-03-21T09:06:13.812 DEBUG [default] 2016-06-17 05:08:00
2025-03-21T09:06:13.823 DEBUG [default] 2016-06-17 05:10:00
2025-03-21T09:06:13.835 DEBUG [default] 2016-06-17 05:12:00
2025-03-21T09:06:13.848 DEBUG [default] 2016-06-17 05:14:00
2025-03-21T09:06:13.861 DEBUG [default] 2016-06-17 05:16:00
2025-03-21T09:06:13.872 DEBUG [default] 2016-06-17 05:18:00
2025-03-21T09:06:13.886 DEBUG [default] 2016-06-17 05:20:00
2025-03-21T09:06:13.900 DEBUG [default] 2016-06-17 05:22:00
2025-03-21T09:06:13.914 DEBUG [default] 2016-06-17 05:24:00
2025-03-21T09:06:13.927 DEBUG [default] 2016-06-17 05:26:00
2025-03-21T09:06:13.946 DEBUG [default] 2016-06-17 05:28:00
2025-03-21T09:06:13.959 DEBUG [default] 2016-06-17 05:30:00
2025-03-21T09:06:13.974 DEBUG [default] 2016-06-17 05:32:00
2025-03-21T09:06:13.988 DEBUG [default] 2016-06-17 05:34:00
2025-03-21T09:06:14.000 DEBUG [default] 2016-06-17 05:36:00
2025-03-21T09:06:14.012 DEBUG [default] 2016-06-17 05:38:00
2025-03-21T09:06:14.023 DEBUG [default] 2016-06-17 05:40:00
2025-03-21T09:06:14.036 DEBUG [default] 2016-06-17 05:42:00
2025-03-21T09:06:14.047 DEBUG [default] 2016-06-17 05:44:00
2025-03-21T09:06:14.059 DEBUG [default] 2016-06-17 05:46:00
2025-03-21T09:06:14.072 DEBUG [default] 2016-06-17 05:48:00
2025-03-21T09:06:14.083 DEBUG [default] 2016-06-17 05:50:00
2025-03-21T09:06:14.094 DEBUG [default] 2016-06-17 05:52:00
2025-03-21T09:06:14.106 DEBUG [default] 2016-06-17 05:54:00
2025-03-21T09:06:14.116 DEBUG [default] 2016-06-17 05:56:00
2025-03-21T09:06:14.128 DEBUG [default] 2016-06-17 05:58:00
2025-03-21T09:06:14.141 DEBUG [default] 2016-06-17 06:00:00
2025-03-21T09:06:14.152 DEBUG [default] 2016-06-17 06:02:00
2025-03-21T09:06:14.164 DEBUG [default] 2016-06-17 06:04:00
2025-03-21T09:06:14.175 DEBUG [default] 2016-06-17 06:06:00
2025-03-21T09:06:14.187 DEBUG [default] 2016-06-17 06:08:00
2025-03-21T09:06:14.199 DEBUG [default] 2016-06-17 06:10:00
2025-03-21T09:06:14.210 DEBUG [default] 2016-06-17 06:12:00
2025-03-21T09:06:14.221 DEBUG [default] 2016-06-17 06:14:00
2025-03-21T09:06:14.231 DEBUG [default] 2016-06-17 06:16:00
2025-03-21T09:06:14.242 DEBUG [default] 2016-06-17 06:18:00
2025-03-21T09:06:14.254 DEBUG [default] 2016-06-17 06:20:00
2025-03-21T09:06:14.265 DEBUG [default] 2016-06-17 06:22:00
2025-03-21T09:06:14.275 DEBUG [default] 2016-06-17 06:24:00
2025-03-21T09:06:14.287 DEBUG [default] 2016-06-17 06:26:00
2025-03-21T09:06:14.297 DEBUG [default] 2016-06-17 06:28:00
2025-03-21T09:06:14.308 DEBUG [default] 2016-06-17 06:30:00
2025-03-21T09:06:14.319 DEBUG [default] 2016-06-17 06:32:00
2025-03-21T09:06:14.331 DEBUG [default] 2016-06-17 06:34:00
2025-03-21T09:06:14.342 DEBUG [default] 2016-06-17 06:36:00
2025-03-21T09:06:14.353 DEBUG [default] 2016-06-17 06:38:00
2025-03-21T09:06:14.364 DEBUG [default] 2016-06-17 06:40:00
2025-03-21T09:06:14.374 DEBUG [default] 2016-06-17 06:42:00
2025-03-21T09:06:14.385 DEBUG [default] 2016-06-17 06:44:00
2025-03-21T09:06:14.397 DEBUG [default] 2016-06-17 06:46:00
2025-03-21T09:06:14.410 DEBUG [default] 2016-06-17 06:48:00
2025-03-21T09:06:14.421 DEBUG [default] 2016-06-17 06:50:00
2025-03-21T09:06:14.432 DEBUG [default] 2016-06-17 06:52:00
2025-03-21T09:06:14.443 DEBUG [default] 2016-06-17 06:54:00
2025-03-21T09:06:14.454 DEBUG [default] 2016-06-17 06:56:00
2025-03-21T09:06:14.465 DEBUG [default] 2016-06-17 06:58:00
2025-03-21T09:06:14.476 DEBUG [default] 2016-06-17 07:00:00
2025-03-21T09:06:14.486 DEBUG [default] 2016-06-17 07:02:00
2025-03-21T09:06:14.497 DEBUG [default] 2016-06-17 07:04:00
2025-03-21T09:06:14.508 DEBUG [default] 2016-06-17 07:06:00
2025-03-21T09:06:14.519 DEBUG [default] 2016-06-17 07:08:00
2025-03-21T09:06:14.529 DEBUG [default] 2016-06-17 07:10:00
2025-03-21T09:06:14.540 DEBUG [default] 2016-06-17 07:12:00
2025-03-21T09:06:14.552 DEBUG [default] 2016-06-17 07:14:00
2025-03-21T09:06:14.563 DEBUG [default] 2016-06-17 07:16:00
2025-03-21T09:06:14.573 DEBUG [default] 2016-06-17 07:18:00
2025-03-21T09:06:14.585 DEBUG [default] 2016-06-17 07:20:00
2025-03-21T09:06:14.597 DEBUG [default] 2016-06-17 07:22:00
2025-03-21T09:06:14.609 DEBUG [default] 2016-06-17 07:24:00
2025-03-21T09:06:14.620 DEBUG [default] 2016-06-17 07:26:00
2025-03-21T09:06:14.632 DEBUG [default] 2016-06-17 07:28:00
2025-03-21T09:06:14.643 DEBUG [default] 2016-06-17 07:30:00
2025-03-21T09:06:14.655 DEBUG [default] 2016-06-17 07:32:00
2025-03-21T09:06:14.667 DEBUG [default] 2016-06-17 07:34:00
2025-03-21T09:06:14.680 DEBUG [default] 2016-06-17 07:36:00
2025-03-21T09:06:14.693 DEBUG [default] 2016-06-17 07:38:00
2025-03-21T09:06:14.705 DEBUG [default] 2016-06-17 07:40:00
2025-03-21T09:06:14.719 DEBUG [default] 2016-06-17 07:42:00
2025-03-21T09:06:14.730 DEBUG [default] 2016-06-17 07:44:00
2025-03-21T09:06:14.742 DEBUG [default] 2016-06-17 07:46:00
2025-03-21T09:06:14.754 DEBUG [default] 2016-06-17 07:48:00
2025-03-21T09:06:14.767 DEBUG [default] 2016-06-17 07:50:00
2025-03-21T09:06:14.780 DEBUG [default] 2016-06-17 07:52:00
2025-03-21T09:06:14.792 DEBUG [default] 2016-06-17 07:54:00
2025-03-21T09:06:14.804 DEBUG [default] 2016-06-17 07:56:00
2025-03-21T09:06:14.816 DEBUG [default] 2016-06-17 07:58:00
2025-03-21T09:06:14.829 DEBUG [default] 2016-06-17 08:00:00
2025-03-21T09:06:14.840 DEBUG [default] 2016-06-17 08:02:00
2025-03-21T09:06:14.851 DEBUG [default] 2016-06-17 08:04:00
2025-03-21T09:06:14.864 DEBUG [default] 2016-06-17 08:06:00
2025-03-21T09:06:14.875 DEBUG [default] 2016-06-17 08:08:00
2025-03-21T09:06:14.886 DEBUG [default] 2016-06-17 08:10:00
2025-03-21T09:06:14.899 DEBUG [default] 2016-06-17 08:12:00
2025-03-21T09:06:14.912 DEBUG [default] 2016-06-17 08:14:00
2025-03-21T09:06:14.923 DEBUG [default] 2016-06-17 08:16:00
2025-03-21T09:06:14.936 DEBUG [default] 2016-06-17 08:18:00
2025-03-21T09:06:14.947 DEBUG [default] 2016-06-17 08:20:00
2025-03-21T09:06:14.958 DEBUG [default] 2016-06-17 08:22:00
2025-03-21T09:06:14.970 DEBUG [default] 2016-06-17 08:24:00
2025-03-21T09:06:14.981 DEBUG [default] 2016-06-17 08:26:00
2025-03-21T09:06:14.993 DEBUG [default] 2016-06-17 08:28:00
2025-03-21T09:06:15.005 DEBUG [default] 2016-06-17 08:30:00
2025-03-21T09:06:15.017 DEBUG [default] 2016-06-17 08:32:00
2025-03-21T09:06:15.029 DEBUG [default] 2016-06-17 08:34:00
2025-03-21T09:06:15.041 DEBUG [default] 2016-06-17 08:36:00
2025-03-21T09:06:15.052 DEBUG [default] 2016-06-17 08:38:00
2025-03-21T09:06:15.064 DEBUG [default] 2016-06-17 08:40:00
2025-03-21T09:06:15.077 DEBUG [default] 2016-06-17 08:42:00
2025-03-21T09:06:15.089 DEBUG [default] 2016-06-17 08:44:00
2025-03-21T09:06:15.101 DEBUG [default] 2016-06-17 08:46:00
2025-03-21T09:06:15.112 DEBUG [default] 2016-06-17 08:48:00
2025-03-21T09:06:15.126 DEBUG [default] 2016-06-17 08:50:00
2025-03-21T09:06:15.140 DEBUG [default] 2016-06-17 08:52:00
2025-03-21T09:06:15.153 DEBUG [default] 2016-06-17 08:54:00
2025-03-21T09:06:15.165 DEBUG [default] 2016-06-17 08:56:00
2025-03-21T09:06:15.177 DEBUG [default] 2016-06-17 08:58:00
2025-03-21T09:06:15.189 DEBUG [default] 2016-06-17 09:00:00
2025-03-21T09:06:15.203 DEBUG [default] 2016-06-17 09:02:00
2025-03-21T09:06:15.216 DEBUG [default] 2016-06-17 09:04:00
2025-03-21T09:06:15.229 DEBUG [default] 2016-06-17 09:06:00
2025-03-21T09:06:15.240 DEBUG [default] 2016-06-17 09:08:00
2025-03-21T09:06:15.252 DEBUG [default] 2016-06-17 09:10:00
2025-03-21T09:06:15.264 DEBUG [default] 2016-06-17 09:12:00
2025-03-21T09:06:15.275 DEBUG [default] 2016-06-17 09:14:00
2025-03-21T09:06:15.287 DEBUG [default] 2016-06-17 09:16:00
2025-03-21T09:06:15.298 DEBUG [default] 2016-06-17 09:18:00
2025-03-21T09:06:15.311 DEBUG [default] 2016-06-17 09:20:00
2025-03-21T09:06:15.322 DEBUG [default] 2016-06-17 09:22:00
2025-03-21T09:06:15.334 DEBUG [default] 2016-06-17 09:24:00
2025-03-21T09:06:15.345 DEBUG [default] 2016-06-17 09:26:00
2025-03-21T09:06:15.356 DEBUG [default] 2016-06-17 09:28:00
2025-03-21T09:06:15.366 DEBUG [default] 2016-06-17 09:30:00
2025-03-21T09:06:15.377 DEBUG [default] 2016-06-17 09:32:00
2025-03-21T09:06:15.389 DEBUG [default] 2016-06-17 09:34:00
2025-03-21T09:06:15.402 DEBUG [default] 2016-06-17 09:36:00
2025-03-21T09:06:15.412 DEBUG [default] 2016-06-17 09:38:00
2025-03-21T09:06:15.424 DEBUG [default] 2016-06-17 09:40:00
2025-03-21T09:06:15.435 DEBUG [default] 2016-06-17 09:42:00
2025-03-21T09:06:15.447 DEBUG [default] 2016-06-17 09:44:00
2025-03-21T09:06:15.456 DEBUG [default] 2016-06-17 09:46:00
2025-03-21T09:06:15.469 DEBUG [default] 2016-06-17 09:48:00
2025-03-21T09:06:15.479 DEBUG [default] 2016-06-17 09:50:00
2025-03-21T09:06:15.490 DEBUG [default] 2016-06-17 09:52:00
2025-03-21T09:06:15.501 DEBUG [default] 2016-06-17 09:54:00
2025-03-21T09:06:15.512 DEBUG [default] 2016-06-17 09:56:00
2025-03-21T09:06:15.523 DEBUG [default] 2016-06-17 09:58:00
2025-03-21T09:06:15.533 DEBUG [default] 2016-06-17 10:00:00
2025-03-21T09:06:15.544 DEBUG [default] 2016-06-17 10:02:00
2025-03-21T09:06:15.556 DEBUG [default] 2016-06-17 10:04:00
2025-03-21T09:06:15.568 DEBUG [default] 2016-06-17 10:06:00
2025-03-21T09:06:15.579 DEBUG [default] 2016-06-17 10:08:00
2025-03-21T09:06:15.590 DEBUG [default] 2016-06-17 10:10:00
2025-03-21T09:06:15.601 DEBUG [default] 2016-06-17 10:12:00
2025-03-21T09:06:15.612 DEBUG [default] 2016-06-17 10:14:00
2025-03-21T09:06:15.623 DEBUG [default] 2016-06-17 10:16:00
2025-03-21T09:06:15.634 DEBUG [default] 2016-06-17 10:18:00
2025-03-21T09:06:15.646 DEBUG [default] 2016-06-17 10:20:00
2025-03-21T09:06:15.657 DEBUG [default] 2016-06-17 10:22:00
2025-03-21T09:06:15.669 DEBUG [default] 2016-06-17 10:24:00
2025-03-21T09:06:15.680 DEBUG [default] 2016-06-17 10:26:00
2025-03-21T09:06:15.692 DEBUG [default] 2016-06-17 10:28:00
2025-03-21T09:06:15.704 DEBUG [default] 2016-06-17 10:30:00
2025-03-21T09:06:15.714 DEBUG [default] 2016-06-17 10:32:00
2025-03-21T09:06:15.727 DEBUG [default] 2016-06-17 10:34:00
2025-03-21T09:06:15.737 DEBUG [default] 2016-06-17 10:36:00
2025-03-21T09:06:15.748 DEBUG [default] 2016-06-17 10:38:00
2025-03-21T09:06:15.760 DEBUG [default] 2016-06-17 10:40:00
2025-03-21T09:06:15.770 DEBUG [default] 2016-06-17 10:42:00
2025-03-21T09:06:15.780 DEBUG [default] 2016-06-17 10:44:00
2025-03-21T09:06:15.791 DEBUG [default] 2016-06-17 10:46:00
2025-03-21T09:06:15.802 DEBUG [default] 2016-06-17 10:48:00
2025-03-21T09:06:15.812 DEBUG [default] 2016-06-17 10:50:00
2025-03-21T09:06:15.823 DEBUG [default] 2016-06-17 10:52:00
2025-03-21T09:06:15.834 DEBUG [default] 2016-06-17 10:54:00
2025-03-21T09:06:15.845 DEBUG [default] 2016-06-17 10:56:00
2025-03-21T09:06:15.857 DEBUG [default] 2016-06-17 10:58:00
2025-03-21T09:06:15.869 DEBUG [default] 2016-06-17 11:00:00
2025-03-21T09:06:15.880 DEBUG [default] 2016-06-17 11:02:00
2025-03-21T09:06:15.891 DEBUG [default] 2016-06-17 11:04:00
2025-03-21T09:06:15.903 DEBUG [default] 2016-06-17 11:06:00
2025-03-21T09:06:15.917 DEBUG [default] 2016-06-17 11:08:00
2025-03-21T09:06:15.930 DEBUG [default] 2016-06-17 11:10:00
2025-03-21T09:06:15.944 DEBUG [default] 2016-06-17 11:12:00
2025-03-21T09:06:15.956 DEBUG [default] 2016-06-17 11:14:00
2025-03-21T09:06:15.967 DEBUG [default] 2016-06-17 11:16:00
2025-03-21T09:06:15.979 DEBUG [default] 2016-06-17 11:18:00
2025-03-21T09:06:15.991 DEBUG [default] 2016-06-17 11:20:00
2025-03-21T09:06:16.002 DEBUG [default] 2016-06-17 11:22:00
2025-03-21T09:06:16.015 DEBUG [default] 2016-06-17 11:24:00
2025-03-21T09:06:16.027 DEBUG [default] 2016-06-17 11:26:00
2025-03-21T09:06:16.039 DEBUG [default] 2016-06-17 11:28:00
2025-03-21T09:06:16.050 DEBUG [default] 2016-06-17 11:30:00
2025-03-21T09:06:16.061 DEBUG [default] 2016-06-17 11:32:00
2025-03-21T09:06:16.072 DEBUG [default] 2016-06-17 11:34:00
2025-03-21T09:06:16.082 DEBUG [default] 2016-06-17 11:36:00
2025-03-21T09:06:16.092 DEBUG [default] 2016-06-17 11:38:00
2025-03-21T09:06:16.104 DEBUG [default] 2016-06-17 11:40:00
2025-03-21T09:06:16.115 DEBUG [default] 2016-06-17 11:42:00
2025-03-21T09:06:16.125 DEBUG [default] 2016-06-17 11:44:00
2025-03-21T09:06:16.136 DEBUG [default] 2016-06-17 11:46:00
2025-03-21T09:06:16.147 DEBUG [default] 2016-06-17 11:48:00
2025-03-21T09:06:16.157 DEBUG [default] 2016-06-17 11:50:00
2025-03-21T09:06:16.169 DEBUG [default] 2016-06-17 11:52:00
2025-03-21T09:06:16.180 DEBUG [default] 2016-06-17 11:54:00
2025-03-21T09:06:16.190 DEBUG [default] 2016-06-17 11:56:00
2025-03-21T09:06:16.201 DEBUG [default] 2016-06-17 11:58:00
2025-03-21T09:06:16.212 DEBUG [default] 2016-06-17 12:00:00
2025-03-21T09:06:16.221 DEBUG [default] 2016-06-17 12:02:00
2025-03-21T09:06:16.233 DEBUG [default] 2016-06-17 12:04:00
2025-03-21T09:06:16.244 DEBUG [default] 2016-06-17 12:06:00
2025-03-21T09:06:16.254 DEBUG [default] 2016-06-17 12:08:00
2025-03-21T09:06:16.266 DEBUG [default] 2016-06-17 12:10:00
2025-03-21T09:06:16.276 DEBUG [default] 2016-06-17 12:12:00
2025-03-21T09:06:16.286 DEBUG [default] 2016-06-17 12:14:00
2025-03-21T09:06:16.296 DEBUG [default] 2016-06-17 12:16:00
2025-03-21T09:06:16.308 DEBUG [default] 2016-06-17 12:18:00
2025-03-21T09:06:16.319 DEBUG [default] 2016-06-17 12:20:00
2025-03-21T09:06:16.329 DEBUG [default] 2016-06-17 12:22:00
2025-03-21T09:06:16.340 DEBUG [default] 2016-06-17 12:24:00
2025-03-21T09:06:16.351 DEBUG [default] 2016-06-17 12:26:00
2025-03-21T09:06:16.361 DEBUG [default] 2016-06-17 12:28:00
2025-03-21T09:06:16.372 DEBUG [default] 2016-06-17 12:30:00
2025-03-21T09:06:16.383 DEBUG [default] 2016-06-17 12:32:00
2025-03-21T09:06:16.393 DEBUG [default] 2016-06-17 12:34:00
2025-03-21T09:06:16.404 DEBUG [default] 2016-06-17 12:36:00
2025-03-21T09:06:16.416 DEBUG [default] 2016-06-17 12:38:00
2025-03-21T09:06:16.428 DEBUG [default] 2016-06-17 12:40:00
2025-03-21T09:06:16.440 DEBUG [default] 2016-06-17 12:42:00
2025-03-21T09:06:16.453 DEBUG [default] 2016-06-17 12:44:00
2025-03-21T09:06:16.464 DEBUG [default] 2016-06-17 12:46:00
2025-03-21T09:06:16.476 DEBUG [default] 2016-06-17 12:48:00
2025-03-21T09:06:16.488 DEBUG [default] 2016-06-17 12:50:00
2025-03-21T09:06:16.500 DEBUG [default] 2016-06-17 12:52:00
2025-03-21T09:06:16.512 DEBUG [default] 2016-06-17 12:54:00
2025-03-21T09:06:16.522 DEBUG [default] 2016-06-17 12:56:00
2025-03-21T09:06:16.534 DEBUG [default] 2016-06-17 12:58:00
2025-03-21T09:06:16.545 DEBUG [default] 2016-06-17 13:00:00
2025-03-21T09:06:16.556 DEBUG [default] 2016-06-17 13:02:00
2025-03-21T09:06:16.568 DEBUG [default] 2016-06-17 13:04:00
2025-03-21T09:06:16.578 DEBUG [default] 2016-06-17 13:06:00
2025-03-21T09:06:16.589 DEBUG [default] 2016-06-17 13:08:00
2025-03-21T09:06:16.601 DEBUG [default] 2016-06-17 13:10:00
2025-03-21T09:06:16.611 DEBUG [default] 2016-06-17 13:12:00
2025-03-21T09:06:16.621 DEBUG [default] 2016-06-17 13:14:00
2025-03-21T09:06:16.632 DEBUG [default] 2016-06-17 13:16:00
2025-03-21T09:06:16.644 DEBUG [default] 2016-06-17 13:18:00
2025-03-21T09:06:16.654 DEBUG [default] 2016-06-17 13:20:00
2025-03-21T09:06:16.666 DEBUG [default] 2016-06-17 13:22:00
2025-03-21T09:06:16.676 DEBUG [default] 2016-06-17 13:24:00
2025-03-21T09:06:16.688 DEBUG [default] 2016-06-17 13:26:00
2025-03-21T09:06:16.699 DEBUG [default] 2016-06-17 13:28:00
2025-03-21T09:06:16.711 DEBUG [default] 2016-06-17 13:30:00
2025-03-21T09:06:16.721 DEBUG [default] 2016-06-17 13:32:00
2025-03-21T09:06:16.734 DEBUG [default] 2016-06-17 13:34:00
2025-03-21T09:06:16.745 DEBUG [default] 2016-06-17 13:36:00
2025-03-21T09:06:16.756 DEBUG [default] 2016-06-17 13:38:00
2025-03-21T09:06:16.766 DEBUG [default] 2016-06-17 13:40:00
2025-03-21T09:06:16.779 DEBUG [default] 2016-06-17 13:42:00
2025-03-21T09:06:16.790 DEBUG [default] 2016-06-17 13:44:00
2025-03-21T09:06:16.801 DEBUG [default] 2016-06-17 13:46:00
2025-03-21T09:06:16.812 DEBUG [default] 2016-06-17 13:48:00
2025-03-21T09:06:16.824 DEBUG [default] 2016-06-17 13:50:00
2025-03-21T09:06:16.834 DEBUG [default] 2016-06-17 13:52:00
2025-03-21T09:06:16.846 DEBUG [default] 2016-06-17 13:54:00
2025-03-21T09:06:16.858 DEBUG [default] 2016-06-17 13:56:00
2025-03-21T09:06:16.869 DEBUG [default] 2016-06-17 13:58:00
2025-03-21T09:06:16.879 DEBUG [default] 2016-06-17 14:00:00
2025-03-21T09:06:16.889 DEBUG [default] 2016-06-17 14:02:00
2025-03-21T09:06:16.899 DEBUG [default] 2016-06-17 14:04:00
2025-03-21T09:06:16.910 DEBUG [default] 2016-06-17 14:06:00
2025-03-21T09:06:16.921 DEBUG [default] 2016-06-17 14:08:00
2025-03-21T09:06:16.931 DEBUG [default] 2016-06-17 14:10:00
2025-03-21T09:06:16.941 DEBUG [default] 2016-06-17 14:12:00
2025-03-21T09:06:16.952 DEBUG [default] 2016-06-17 14:14:00
2025-03-21T09:06:16.963 DEBUG [default] 2016-06-17 14:16:00
2025-03-21T09:06:16.974 DEBUG [default] 2016-06-17 14:18:00
2025-03-21T09:06:16.985 DEBUG [default] 2016-06-17 14:20:00
2025-03-21T09:06:16.996 DEBUG [default] 2016-06-17 14:22:00
2025-03-21T09:06:17.006 DEBUG [default] 2016-06-17 14:24:00
2025-03-21T09:06:17.017 DEBUG [default] 2016-06-17 14:26:00
2025-03-21T09:06:17.028 DEBUG [default] 2016-06-17 14:28:00
2025-03-21T09:06:17.039 DEBUG [default] 2016-06-17 14:30:00
2025-03-21T09:06:17.049 DEBUG [default] 2016-06-17 14:32:00
2025-03-21T09:06:17.062 DEBUG [default] 2016-06-17 14:34:00
2025-03-21T09:06:17.073 DEBUG [default] 2016-06-17 14:36:00
2025-03-21T09:06:17.085 DEBUG [default] 2016-06-17 14:38:00
2025-03-21T09:06:17.096 DEBUG [default] 2016-06-17 14:40:00
2025-03-21T09:06:17.108 DEBUG [default] 2016-06-17 14:42:00
2025-03-21T09:06:17.120 DEBUG [default] 2016-06-17 14:44:00
2025-03-21T09:06:17.132 DEBUG [default] 2016-06-17 14:46:00
2025-03-21T09:06:17.144 DEBUG [default] 2016-06-17 14:48:00
2025-03-21T09:06:17.157 DEBUG [default] 2016-06-17 14:50:00
2025-03-21T09:06:17.169 DEBUG [default] 2016-06-17 14:52:00
2025-03-21T09:06:17.180 DEBUG [default] 2016-06-17 14:54:00
2025-03-21T09:06:17.192 DEBUG [default] 2016-06-17 14:56:00
2025-03-21T09:06:17.205 DEBUG [default] 2016-06-17 14:58:00
2025-03-21T09:06:17.217 DEBUG [default] 2016-06-17 15:00:00
2025-03-21T09:06:17.231 DEBUG [default] 2016-06-17 15:02:00
2025-03-21T09:06:17.243 DEBUG [default] 2016-06-17 15:04:00
2025-03-21T09:06:17.256 DEBUG [default] 2016-06-17 15:06:00
2025-03-21T09:06:17.269 DEBUG [default] 2016-06-17 15:08:00
2025-03-21T09:06:17.282 DEBUG [default] 2016-06-17 15:10:00
2025-03-21T09:06:17.295 DEBUG [default] 2016-06-17 15:12:00
2025-03-21T09:06:17.306 DEBUG [default] 2016-06-17 15:14:00
2025-03-21T09:06:17.319 DEBUG [default] 2016-06-17 15:16:00
2025-03-21T09:06:17.331 DEBUG [default] 2016-06-17 15:18:00
2025-03-21T09:06:17.341 DEBUG [default] 2016-06-17 15:20:00
2025-03-21T09:06:17.353 DEBUG [default] 2016-06-17 15:22:00
2025-03-21T09:06:17.365 DEBUG [default] 2016-06-17 15:24:00
2025-03-21T09:06:17.375 DEBUG [default] 2016-06-17 15:26:00
2025-03-21T09:06:17.387 DEBUG [default] 2016-06-17 15:28:00
2025-03-21T09:06:17.399 DEBUG [default] 2016-06-17 15:30:00
2025-03-21T09:06:17.410 DEBUG [default] 2016-06-17 15:32:00
2025-03-21T09:06:17.421 DEBUG [default] 2016-06-17 15:34:00
2025-03-21T09:06:17.434 DEBUG [default] 2016-06-17 15:36:00
2025-03-21T09:06:17.445 DEBUG [default] 2016-06-17 15:38:00
2025-03-21T09:06:17.458 DEBUG [default] 2016-06-17 15:40:00
2025-03-21T09:06:17.468 DEBUG [default] 2016-06-17 15:42:00
2025-03-21T09:06:17.480 DEBUG [default] 2016-06-17 15:44:00
2025-03-21T09:06:17.492 DEBUG [default] 2016-06-17 15:46:00
2025-03-21T09:06:17.505 DEBUG [default] 2016-06-17 15:48:00
2025-03-21T09:06:17.517 DEBUG [default] 2016-06-17 15:50:00
2025-03-21T09:06:17.529 DEBUG [default] 2016-06-17 15:52:00
2025-03-21T09:06:17.540 DEBUG [default] 2016-06-17 15:54:00
2025-03-21T09:06:17.552 DEBUG [default] 2016-06-17 15:56:00
2025-03-21T09:06:17.564 DEBUG [default] 2016-06-17 15:58:00
2025-03-21T09:06:17.575 DEBUG [default] 2016-06-17 16:00:00
2025-03-21T09:06:17.587 DEBUG [default] 2016-06-17 16:02:00
2025-03-21T09:06:17.599 DEBUG [default] 2016-06-17 16:04:00
2025-03-21T09:06:17.612 DEBUG [default] 2016-06-17 16:06:00
2025-03-21T09:06:17.624 DEBUG [default] 2016-06-17 16:08:00
2025-03-21T09:06:17.638 DEBUG [default] 2016-06-17 16:10:00
2025-03-21T09:06:17.651 DEBUG [default] 2016-06-17 16:12:00
2025-03-21T09:06:17.666 DEBUG [default] 2016-06-17 16:14:00
2025-03-21T09:06:17.678 DEBUG [default] 2016-06-17 16:16:00
2025-03-21T09:06:17.691 DEBUG [default] 2016-06-17 16:18:00
2025-03-21T09:06:17.705 DEBUG [default] 2016-06-17 16:20:00
2025-03-21T09:06:17.719 DEBUG [default] 2016-06-17 16:22:00
2025-03-21T09:06:17.731 DEBUG [default] 2016-06-17 16:24:00
2025-03-21T09:06:17.742 DEBUG [default] 2016-06-17 16:26:00
2025-03-21T09:06:17.755 DEBUG [default] 2016-06-17 16:28:00
2025-03-21T09:06:17.768 DEBUG [default] 2016-06-17 16:30:00
2025-03-21T09:06:17.780 DEBUG [default] 2016-06-17 16:32:00
2025-03-21T09:06:17.791 DEBUG [default] 2016-06-17 16:34:00
2025-03-21T09:06:17.802 DEBUG [default] 2016-06-17 16:36:00
2025-03-21T09:06:17.814 DEBUG [default] 2016-06-17 16:38:00
2025-03-21T09:06:17.825 DEBUG [default] 2016-06-17 16:40:00
2025-03-21T09:06:17.836 DEBUG [default] 2016-06-17 16:42:00
2025-03-21T09:06:17.849 DEBUG [default] 2016-06-17 16:44:00
2025-03-21T09:06:17.860 DEBUG [default] 2016-06-17 16:46:00
2025-03-21T09:06:17.872 DEBUG [default] 2016-06-17 16:48:00
2025-03-21T09:06:17.883 DEBUG [default] 2016-06-17 16:50:00
2025-03-21T09:06:17.894 DEBUG [default] 2016-06-17 16:52:00
2025-03-21T09:06:17.906 DEBUG [default] 2016-06-17 16:54:00
2025-03-21T09:06:17.918 DEBUG [default] 2016-06-17 16:56:00
2025-03-21T09:06:17.931 DEBUG [default] 2016-06-17 16:58:00
2025-03-21T09:06:17.942 DEBUG [default] 2016-06-17 17:00:00
2025-03-21T09:06:17.955 DEBUG [default] 2016-06-17 17:02:00
2025-03-21T09:06:17.969 DEBUG [default] 2016-06-17 17:04:00
2025-03-21T09:06:17.982 DEBUG [default] 2016-06-17 17:06:00
2025-03-21T09:06:17.993 DEBUG [default] 2016-06-17 17:08:00
2025-03-21T09:06:18.005 DEBUG [default] 2016-06-17 17:10:00
2025-03-21T09:06:18.016 DEBUG [default] 2016-06-17 17:12:00
2025-03-21T09:06:18.029 DEBUG [default] 2016-06-17 17:14:00
2025-03-21T09:06:18.042 DEBUG [default] 2016-06-17 17:16:00
2025-03-21T09:06:18.054 DEBUG [default] 2016-06-17 17:18:00
2025-03-21T09:06:18.065 DEBUG [default] 2016-06-17 17:20:00
2025-03-21T09:06:18.077 DEBUG [default] 2016-06-17 17:22:00
2025-03-21T09:06:18.088 DEBUG [default] 2016-06-17 17:24:00
2025-03-21T09:06:18.099 DEBUG [default] 2016-06-17 17:26:00
2025-03-21T09:06:18.110 DEBUG [default] 2016-06-17 17:28:00
2025-03-21T09:06:18.121 DEBUG [default] 2016-06-17 17:30:00
2025-03-21T09:06:18.133 DEBUG [default] 2016-06-17 17:32:00
2025-03-21T09:06:18.143 DEBUG [default] 2016-06-17 17:34:00
2025-03-21T09:06:18.154 DEBUG [default] 2016-06-17 17:36:00
2025-03-21T09:06:18.166 DEBUG [default] 2016-06-17 17:38:00
2025-03-21T09:06:18.177 DEBUG [default] 2016-06-17 17:40:00
2025-03-21T09:06:18.188 DEBUG [default] 2016-06-17 17:42:00
2025-03-21T09:06:18.200 DEBUG [default] 2016-06-17 17:44:00
2025-03-21T09:06:18.212 DEBUG [default] 2016-06-17 17:46:00
2025-03-21T09:06:18.222 DEBUG [default] 2016-06-17 17:48:00
2025-03-21T09:06:18.234 DEBUG [default] 2016-06-17 17:50:00
2025-03-21T09:06:18.246 DEBUG [default] 2016-06-17 17:52:00
2025-03-21T09:06:18.257 DEBUG [default] 2016-06-17 17:54:00
2025-03-21T09:06:18.269 DEBUG [default] 2016-06-17 17:56:00
2025-03-21T09:06:18.282 DEBUG [default] 2016-06-17 17:58:00
2025-03-21T09:06:18.295 DEBUG [default] 2016-06-17 18:00:00
2025-03-21T09:06:18.307 DEBUG [default] 2016-06-17 18:02:00
2025-03-21T09:06:18.318 DEBUG [default] 2016-06-17 18:04:00
2025-03-21T09:06:18.330 DEBUG [default] 2016-06-17 18:06:00
2025-03-21T09:06:18.341 DEBUG [default] 2016-06-17 18:08:00
2025-03-21T09:06:18.352 DEBUG [default] 2016-06-17 18:10:00
2025-03-21T09:06:18.363 DEBUG [default] 2016-06-17 18:12:00
2025-03-21T09:06:18.375 DEBUG [default] 2016-06-17 18:14:00
2025-03-21T09:06:18.386 DEBUG [default] 2016-06-17 18:16:00
2025-03-21T09:06:18.397 DEBUG [default] 2016-06-17 18:18:00
2025-03-21T09:06:18.408 DEBUG [default] 2016-06-17 18:20:00
2025-03-21T09:06:18.421 DEBUG [default] 2016-06-17 18:22:00
2025-03-21T09:06:18.436 DEBUG [default] 2016-06-17 18:24:00
2025-03-21T09:06:18.449 DEBUG [default] 2016-06-17 18:26:00
2025-03-21T09:06:18.459 DEBUG [default] 2016-06-17 18:28:00
2025-03-21T09:06:18.472 DEBUG [default] 2016-06-17 18:30:00
2025-03-21T09:06:18.484 DEBUG [default] 2016-06-17 18:32:00
2025-03-21T09:06:18.497 DEBUG [default] 2016-06-17 18:34:00
2025-03-21T09:06:18.510 DEBUG [default] 2016-06-17 18:36:00
2025-03-21T09:06:18.521 DEBUG [default] 2016-06-17 18:38:00
2025-03-21T09:06:18.532 DEBUG [default] 2016-06-17 18:40:00
2025-03-21T09:06:18.543 DEBUG [default] 2016-06-17 18:42:00
2025-03-21T09:06:18.557 DEBUG [default] 2016-06-17 18:44:00
2025-03-21T09:06:18.570 DEBUG [default] 2016-06-17 18:46:00
2025-03-21T09:06:18.582 DEBUG [default] 2016-06-17 18:48:00
2025-03-21T09:06:18.594 DEBUG [default] 2016-06-17 18:50:00
2025-03-21T09:06:18.607 DEBUG [default] 2016-06-17 18:52:00
2025-03-21T09:06:18.620 DEBUG [default] 2016-06-17 18:54:00
2025-03-21T09:06:18.634 DEBUG [default] 2016-06-17 18:56:00
2025-03-21T09:06:18.649 DEBUG [default] 2016-06-17 18:58:00
2025-03-21T09:06:18.665 DEBUG [default] 2016-06-17 19:00:00
2025-03-21T09:06:18.680 DEBUG [default] 2016-06-17 19:02:00
2025-03-21T09:06:18.695 DEBUG [default] 2016-06-17 19:04:00
2025-03-21T09:06:18.714 DEBUG [default] 2016-06-17 19:06:00
2025-03-21T09:06:18.731 DEBUG [default] 2016-06-17 19:08:00
2025-03-21T09:06:18.746 DEBUG [default] 2016-06-17 19:10:00
2025-03-21T09:06:18.762 DEBUG [default] 2016-06-17 19:12:00
2025-03-21T09:06:18.777 DEBUG [default] 2016-06-17 19:14:00
2025-03-21T09:06:18.792 DEBUG [default] 2016-06-17 19:16:00
2025-03-21T09:06:18.807 DEBUG [default] 2016-06-17 19:18:00
2025-03-21T09:06:18.820 DEBUG [default] 2016-06-17 19:20:00
2025-03-21T09:06:18.834 DEBUG [default] 2016-06-17 19:22:00
2025-03-21T09:06:18.849 DEBUG [default] 2016-06-17 19:24:00
2025-03-21T09:06:18.861 DEBUG [default] 2016-06-17 19:26:00
2025-03-21T09:06:18.874 DEBUG [default] 2016-06-17 19:28:00
2025-03-21T09:06:18.888 DEBUG [default] 2016-06-17 19:30:00
2025-03-21T09:06:18.901 DEBUG [default] 2016-06-17 19:32:00
2025-03-21T09:06:18.915 DEBUG [default] 2016-06-17 19:34:00
2025-03-21T09:06:18.927 DEBUG [default] 2016-06-17 19:36:00
2025-03-21T09:06:18.940 DEBUG [default] 2016-06-17 19:38:00
2025-03-21T09:06:18.955 DEBUG [default] 2016-06-17 19:40:00
2025-03-21T09:06:18.970 DEBUG [default] 2016-06-17 19:42:00
2025-03-21T09:06:18.986 DEBUG [default] 2016-06-17 19:44:00
2025-03-21T09:06:18.998 DEBUG [default] 2016-06-17 19:46:00
2025-03-21T09:06:19.011 DEBUG [default] 2016-06-17 19:48:00
2025-03-21T09:06:19.023 DEBUG [default] 2016-06-17 19:50:00
2025-03-21T09:06:19.035 DEBUG [default] 2016-06-17 19:52:00
2025-03-21T09:06:19.049 DEBUG [default] 2016-06-17 19:54:00
2025-03-21T09:06:19.061 DEBUG [default] 2016-06-17 19:56:00
2025-03-21T09:06:19.073 DEBUG [default] 2016-06-17 19:58:00
2025-03-21T09:06:19.087 DEBUG [default] 2016-06-17 20:00:00
2025-03-21T09:06:19.100 DEBUG [default] 2016-06-17 20:02:00
2025-03-21T09:06:19.113 DEBUG [default] 2016-06-17 20:04:00
2025-03-21T09:06:19.125 DEBUG [default] 2016-06-17 20:06:00
2025-03-21T09:06:19.137 DEBUG [default] 2016-06-17 20:08:00
2025-03-21T09:06:19.150 DEBUG [default] 2016-06-17 20:10:00
2025-03-21T09:06:19.163 DEBUG [default] 2016-06-17 20:12:00
2025-03-21T09:06:19.178 DEBUG [default] 2016-06-17 20:14:00
2025-03-21T09:06:19.190 DEBUG [default] 2016-06-17 20:16:00
2025-03-21T09:06:19.203 DEBUG [default] 2016-06-17 20:18:00
2025-03-21T09:06:19.214 DEBUG [default] 2016-06-17 20:20:00
2025-03-21T09:06:19.227 DEBUG [default] 2016-06-17 20:22:00
2025-03-21T09:06:19.238 DEBUG [default] 2016-06-17 20:24:00
2025-03-21T09:06:19.251 DEBUG [default] 2016-06-17 20:26:00
2025-03-21T09:06:19.264 DEBUG [default] 2016-06-17 20:28:00
2025-03-21T09:06:19.277 DEBUG [default] 2016-06-17 20:30:00
2025-03-21T09:06:19.290 DEBUG [default] 2016-06-17 20:32:00
2025-03-21T09:06:19.302 DEBUG [default] 2016-06-17 20:34:00
2025-03-21T09:06:19.316 DEBUG [default] 2016-06-17 20:36:00
2025-03-21T09:06:19.328 DEBUG [default] 2016-06-17 20:38:00
2025-03-21T09:06:19.342 DEBUG [default] 2016-06-17 20:40:00
2025-03-21T09:06:19.354 DEBUG [default] 2016-06-17 20:42:00
2025-03-21T09:06:19.369 DEBUG [default] 2016-06-17 20:44:00
2025-03-21T09:06:19.382 DEBUG [default] 2016-06-17 20:46:00
2025-03-21T09:06:19.394 DEBUG [default] 2016-06-17 20:48:00
2025-03-21T09:06:19.406 DEBUG [default] 2016-06-17 20:50:00
2025-03-21T09:06:19.420 DEBUG [default] 2016-06-17 20:52:00
2025-03-21T09:06:19.433 DEBUG [default] 2016-06-17 20:54:00
2025-03-21T09:06:19.447 DEBUG [default] 2016-06-17 20:56:00
2025-03-21T09:06:19.459 DEBUG [default] 2016-06-17 20:58:00
2025-03-21T09:06:19.472 DEBUG [default] 2016-06-17 21:00:00
2025-03-21T09:06:19.485 DEBUG [default] 2016-06-17 21:02:00
2025-03-21T09:06:19.499 DEBUG [default] 2016-06-17 21:04:00
2025-03-21T09:06:19.512 DEBUG [default] 2016-06-17 21:06:00
2025-03-21T09:06:19.526 DEBUG [default] 2016-06-17 21:08:00
2025-03-21T09:06:19.538 DEBUG [default] 2016-06-17 21:10:00
2025-03-21T09:06:19.552 DEBUG [default] 2016-06-17 21:12:00
2025-03-21T09:06:19.567 DEBUG [default] 2016-06-17 21:14:00
2025-03-21T09:06:19.579 DEBUG [default] 2016-06-17 21:16:00
2025-03-21T09:06:19.592 DEBUG [default] 2016-06-17 21:18:00
2025-03-21T09:06:19.603 DEBUG [default] 2016-06-17 21:20:00
2025-03-21T09:06:19.617 DEBUG [default] 2016-06-17 21:22:00
2025-03-21T09:06:19.630 DEBUG [default] 2016-06-17 21:24:00
2025-03-21T09:06:19.642 DEBUG [default] 2016-06-17 21:26:00
2025-03-21T09:06:19.655 DEBUG [default] 2016-06-17 21:28:00
2025-03-21T09:06:19.667 DEBUG [default] 2016-06-17 21:30:00
2025-03-21T09:06:19.680 DEBUG [default] 2016-06-17 21:32:00
2025-03-21T09:06:19.694 DEBUG [default] 2016-06-17 21:34:00
2025-03-21T09:06:19.707 DEBUG [default] 2016-06-17 21:36:00
2025-03-21T09:06:19.721 DEBUG [default] 2016-06-17 21:38:00
2025-03-21T09:06:19.733 DEBUG [default] 2016-06-17 21:40:00
2025-03-21T09:06:19.746 DEBUG [default] 2016-06-17 21:42:00
2025-03-21T09:06:19.761 DEBUG [default] 2016-06-17 21:44:00
2025-03-21T09:06:19.776 DEBUG [default] 2016-06-17 21:46:00
2025-03-21T09:06:19.788 DEBUG [default] 2016-06-17 21:48:00
2025-03-21T09:06:19.802 DEBUG [default] 2016-06-17 21:50:00
2025-03-21T09:06:19.814 DEBUG [default] 2016-06-17 21:52:00
2025-03-21T09:06:19.829 DEBUG [default] 2016-06-17 21:54:00
2025-03-21T09:06:19.842 DEBUG [default] 2016-06-17 21:56:00
2025-03-21T09:06:19.855 DEBUG [default] 2016-06-17 21:58:00
2025-03-21T09:06:19.867 DEBUG [default] 2016-06-17 22:00:00
2025-03-21T09:06:19.882 DEBUG [default] 2016-06-17 22:02:00
2025-03-21T09:06:19.895 DEBUG [default] 2016-06-17 22:04:00
2025-03-21T09:06:19.907 DEBUG [default] 2016-06-17 22:06:00
2025-03-21T09:06:19.920 DEBUG [default] 2016-06-17 22:08:00
2025-03-21T09:06:19.931 DEBUG [default] 2016-06-17 22:10:00
2025-03-21T09:06:19.946 DEBUG [default] 2016-06-17 22:12:00
2025-03-21T09:06:19.960 DEBUG [default] 2016-06-17 22:14:00
2025-03-21T09:06:19.973 DEBUG [default] 2016-06-17 22:16:00
2025-03-21T09:06:19.986 DEBUG [default] 2016-06-17 22:18:00
2025-03-21T09:06:19.999 DEBUG [default] 2016-06-17 22:20:00
2025-03-21T09:06:20.011 DEBUG [default] 2016-06-17 22:22:00
2025-03-21T09:06:20.025 DEBUG [default] 2016-06-17 22:24:00
2025-03-21T09:06:20.038 DEBUG [default] 2016-06-17 22:26:00
2025-03-21T09:06:20.051 DEBUG [default] 2016-06-17 22:28:00
2025-03-21T09:06:20.064 DEBUG [default] 2016-06-17 22:30:00
2025-03-21T09:06:20.078 DEBUG [default] 2016-06-17 22:32:00
2025-03-21T09:06:20.090 DEBUG [default] 2016-06-17 22:34:00
2025-03-21T09:06:20.102 DEBUG [default] 2016-06-17 22:36:00
2025-03-21T09:06:20.116 DEBUG [default] 2016-06-17 22:38:00
2025-03-21T09:06:20.129 DEBUG [default] 2016-06-17 22:40:00
2025-03-21T09:06:20.142 DEBUG [default] 2016-06-17 22:42:00
2025-03-21T09:06:20.156 DEBUG [default] 2016-06-17 22:44:00
2025-03-21T09:06:20.168 DEBUG [default] 2016-06-17 22:46:00
2025-03-21T09:06:20.183 DEBUG [default] 2016-06-17 22:48:00
2025-03-21T09:06:20.195 DEBUG [default] 2016-06-17 22:50:00
2025-03-21T09:06:20.207 DEBUG [default] 2016-06-17 22:52:00
2025-03-21T09:06:20.220 DEBUG [default] 2016-06-17 22:54:00
2025-03-21T09:06:20.233 DEBUG [default] 2016-06-17 22:56:00
2025-03-21T09:06:20.245 DEBUG [default] 2016-06-17 22:58:00
2025-03-21T09:06:20.258 DEBUG [default] 2016-06-17 23:00:00
2025-03-21T09:06:20.271 DEBUG [default] 2016-06-17 23:02:00
2025-03-21T09:06:20.284 DEBUG [default] 2016-06-17 23:04:00
2025-03-21T09:06:20.297 DEBUG [default] 2016-06-17 23:06:00
2025-03-21T09:06:20.309 DEBUG [default] 2016-06-17 23:08:00
2025-03-21T09:06:20.323 DEBUG [default] 2016-06-17 23:10:00
2025-03-21T09:06:20.336 DEBUG [default] 2016-06-17 23:12:00
2025-03-21T09:06:20.350 DEBUG [default] 2016-06-17 23:14:00
2025-03-21T09:06:20.363 DEBUG [default] 2016-06-17 23:16:00
2025-03-21T09:06:20.378 DEBUG [default] 2016-06-17 23:18:00
2025-03-21T09:06:20.391 DEBUG [default] 2016-06-17 23:20:00
2025-03-21T09:06:20.405 DEBUG [default] 2016-06-17 23:22:00
2025-03-21T09:06:20.419 DEBUG [default] 2016-06-17 23:24:00
2025-03-21T09:06:20.430 DEBUG [default] 2016-06-17 23:26:00
2025-03-21T09:06:20.446 DEBUG [default] 2016-06-17 23:28:00
2025-03-21T09:06:20.461 DEBUG [default] 2016-06-17 23:30:00
2025-03-21T09:06:20.475 DEBUG [default] 2016-06-17 23:32:00
2025-03-21T09:06:20.487 DEBUG [default] 2016-06-17 23:34:00
2025-03-21T09:06:20.501 DEBUG [default] 2016-06-17 23:36:00
2025-03-21T09:06:20.516 DEBUG [default] 2016-06-17 23:38:00
2025-03-21T09:06:20.529 DEBUG [default] 2016-06-17 23:40:00
2025-03-21T09:06:20.542 DEBUG [default] 2016-06-17 23:42:00
2025-03-21T09:06:20.554 DEBUG [default] 2016-06-17 23:44:00
2025-03-21T09:06:20.567 DEBUG [default] 2016-06-17 23:46:00
2025-03-21T09:06:20.581 DEBUG [default] 2016-06-17 23:48:00
2025-03-21T09:06:20.593 DEBUG [default] 2016-06-17 23:50:00
2025-03-21T09:06:20.607 DEBUG [default] 2016-06-17 23:52:00
2025-03-21T09:06:20.620 DEBUG [default] 2016-06-17 23:54:00
2025-03-21T09:06:20.631 DEBUG [default] 2016-06-17 23:56:00
2025-03-21T09:06:20.645 DEBUG [default] 2016-06-17 23:58:00
2025-03-21T09:06:20.657 DEBUG [default] 2016-06-18 00:00:00
2025-03-21T09:06:20.671 DEBUG [default] 2016-06-18 00:02:00
2025-03-21T09:06:20.683 DEBUG [default] 2016-06-18 00:04:00
2025-03-21T09:06:20.697 DEBUG [default] 2016-06-18 00:06:00
2025-03-21T09:06:20.710 DEBUG [default] 2016-06-18 00:08:00
2025-03-21T09:06:20.723 DEBUG [default] 2016-06-18 00:10:00
2025-03-21T09:06:20.737 DEBUG [default] 2016-06-18 00:12:00
2025-03-21T09:06:20.751 DEBUG [default] 2016-06-18 00:14:00
2025-03-21T09:06:20.765 DEBUG [default] 2016-06-18 00:16:00
2025-03-21T09:06:20.779 DEBUG [default] 2016-06-18 00:18:00
2025-03-21T09:06:20.793 DEBUG [default] 2016-06-18 00:20:00
2025-03-21T09:06:20.807 DEBUG [default] 2016-06-18 00:22:00
2025-03-21T09:06:20.819 DEBUG [default] 2016-06-18 00:24:00
2025-03-21T09:06:20.832 DEBUG [default] 2016-06-18 00:26:00
2025-03-21T09:06:20.845 DEBUG [default] 2016-06-18 00:28:00
2025-03-21T09:06:20.857 DEBUG [default] 2016-06-18 00:30:00
2025-03-21T09:06:20.869 DEBUG [default] 2016-06-18 00:32:00
2025-03-21T09:06:20.881 DEBUG [default] 2016-06-18 00:34:00
2025-03-21T09:06:20.893 DEBUG [default] 2016-06-18 00:36:00
2025-03-21T09:06:20.904 DEBUG [default] 2016-06-18 00:38:00
2025-03-21T09:06:20.919 DEBUG [default] 2016-06-18 00:40:00
2025-03-21T09:06:20.931 DEBUG [default] 2016-06-18 00:42:00
2025-03-21T09:06:20.943 DEBUG [default] 2016-06-18 00:44:00
2025-03-21T09:06:20.955 DEBUG [default] 2016-06-18 00:46:00
2025-03-21T09:06:20.966 DEBUG [default] 2016-06-18 00:48:00
2025-03-21T09:06:20.980 DEBUG [default] 2016-06-18 00:50:00
2025-03-21T09:06:20.992 DEBUG [default] 2016-06-18 00:52:00
2025-03-21T09:06:21.007 DEBUG [default] 2016-06-18 00:54:00
2025-03-21T09:06:21.018 DEBUG [default] 2016-06-18 00:56:00
2025-03-21T09:06:21.029 DEBUG [default] 2016-06-18 00:58:00
2025-03-21T09:06:21.043 DEBUG [default] 2016-06-18 01:00:00
2025-03-21T09:06:21.055 DEBUG [default] 2016-06-18 01:02:00
2025-03-21T09:06:21.066 DEBUG [default] 2016-06-18 01:04:00
2025-03-21T09:06:21.079 DEBUG [default] 2016-06-18 01:06:00
2025-03-21T09:06:21.091 DEBUG [default] 2016-06-18 01:08:00
2025-03-21T09:06:21.104 DEBUG [default] 2016-06-18 01:10:00
2025-03-21T09:06:21.116 DEBUG [default] 2016-06-18 01:12:00
2025-03-21T09:06:21.128 DEBUG [default] 2016-06-18 01:14:00
2025-03-21T09:06:21.140 DEBUG [default] 2016-06-18 01:16:00
2025-03-21T09:06:21.151 DEBUG [default] 2016-06-18 01:18:00
2025-03-21T09:06:21.163 DEBUG [default] 2016-06-18 01:20:00
2025-03-21T09:06:21.175 DEBUG [default] 2016-06-18 01:22:00
2025-03-21T09:06:21.189 DEBUG [default] 2016-06-18 01:24:00
2025-03-21T09:06:21.200 DEBUG [default] 2016-06-18 01:26:00
2025-03-21T09:06:21.214 DEBUG [default] 2016-06-18 01:28:00
2025-03-21T09:06:21.226 DEBUG [default] 2016-06-18 01:30:00
2025-03-21T09:06:21.239 DEBUG [default] 2016-06-18 01:32:00
2025-03-21T09:06:21.252 DEBUG [default] 2016-06-18 01:34:00
2025-03-21T09:06:21.265 DEBUG [default] 2016-06-18 01:36:00
2025-03-21T09:06:21.278 DEBUG [default] 2016-06-18 01:38:00
2025-03-21T09:06:21.291 DEBUG [default] 2016-06-18 01:40:00
2025-03-21T09:06:21.304 DEBUG [default] 2016-06-18 01:42:00
2025-03-21T09:06:21.317 DEBUG [default] 2016-06-18 01:44:00
2025-03-21T09:06:21.328 DEBUG [default] 2016-06-18 01:46:00
2025-03-21T09:06:21.342 DEBUG [default] 2016-06-18 01:48:00
2025-03-21T09:06:21.353 DEBUG [default] 2016-06-18 01:50:00
2025-03-21T09:06:21.365 DEBUG [default] 2016-06-18 01:52:00
2025-03-21T09:06:21.378 DEBUG [default] 2016-06-18 01:54:00
2025-03-21T09:06:21.390 DEBUG [default] 2016-06-18 01:56:00
2025-03-21T09:06:21.402 DEBUG [default] 2016-06-18 01:58:00
2025-03-21T09:06:21.414 DEBUG [default] 2016-06-18 02:00:00
2025-03-21T09:06:21.427 DEBUG [default] 2016-06-18 02:02:00
2025-03-21T09:06:21.439 DEBUG [default] 2016-06-18 02:04:00
2025-03-21T09:06:21.452 DEBUG [default] 2016-06-18 02:06:00
2025-03-21T09:06:21.464 DEBUG [default] 2016-06-18 02:08:00
2025-03-21T09:06:21.476 DEBUG [default] 2016-06-18 02:10:00
2025-03-21T09:06:21.488 DEBUG [default] 2016-06-18 02:12:00
2025-03-21T09:06:21.500 DEBUG [default] 2016-06-18 02:14:00
2025-03-21T09:06:21.512 DEBUG [default] 2016-06-18 02:16:00
2025-03-21T09:06:21.528 DEBUG [default] 2016-06-18 02:18:00
2025-03-21T09:06:21.540 DEBUG [default] 2016-06-18 02:20:00
2025-03-21T09:06:21.552 DEBUG [default] 2016-06-18 02:22:00
2025-03-21T09:06:21.564 DEBUG [default] 2016-06-18 02:24:00
2025-03-21T09:06:21.576 DEBUG [default] 2016-06-18 02:26:00
2025-03-21T09:06:21.588 DEBUG [default] 2016-06-18 02:28:00
2025-03-21T09:06:21.600 DEBUG [default] 2016-06-18 02:30:00
2025-03-21T09:06:21.613 DEBUG [default] 2016-06-18 02:32:00
2025-03-21T09:06:21.626 DEBUG [default] 2016-06-18 02:34:00
2025-03-21T09:06:21.638 DEBUG [default] 2016-06-18 02:36:00
2025-03-21T09:06:21.649 DEBUG [default] 2016-06-18 02:38:00
2025-03-21T09:06:21.662 DEBUG [default] 2016-06-18 02:40:00
2025-03-21T09:06:21.674 DEBUG [default] 2016-06-18 02:42:00
2025-03-21T09:06:21.686 DEBUG [default] 2016-06-18 02:44:00
2025-03-21T09:06:21.697 DEBUG [default] 2016-06-18 02:46:00
2025-03-21T09:06:21.711 DEBUG [default] 2016-06-18 02:48:00
2025-03-21T09:06:21.724 DEBUG [default] 2016-06-18 02:50:00
2025-03-21T09:06:21.736 DEBUG [default] 2016-06-18 02:52:00
2025-03-21T09:06:21.747 DEBUG [default] 2016-06-18 02:54:00
2025-03-21T09:06:21.760 DEBUG [default] 2016-06-18 02:56:00
2025-03-21T09:06:21.772 DEBUG [default] 2016-06-18 02:58:00
2025-03-21T09:06:21.786 DEBUG [default] 2016-06-18 03:00:00
2025-03-21T09:06:21.798 DEBUG [default] 2016-06-18 03:02:00
2025-03-21T09:06:21.811 DEBUG [default] 2016-06-18 03:04:00
2025-03-21T09:06:21.823 DEBUG [default] 2016-06-18 03:06:00
2025-03-21T09:06:21.836 DEBUG [default] 2016-06-18 03:08:00
2025-03-21T09:06:21.850 DEBUG [default] 2016-06-18 03:10:00
2025-03-21T09:06:21.865 DEBUG [default] 2016-06-18 03:12:00
2025-03-21T09:06:21.878 DEBUG [default] 2016-06-18 03:14:00
2025-03-21T09:06:21.892 DEBUG [default] 2016-06-18 03:16:00
2025-03-21T09:06:21.904 DEBUG [default] 2016-06-18 03:18:00
2025-03-21T09:06:21.919 DEBUG [default] 2016-06-18 03:20:00
2025-03-21T09:06:21.932 DEBUG [default] 2016-06-18 03:22:00
2025-03-21T09:06:21.945 DEBUG [default] 2016-06-18 03:24:00
2025-03-21T09:06:21.959 DEBUG [default] 2016-06-18 03:26:00
2025-03-21T09:06:21.973 DEBUG [default] 2016-06-18 03:28:00
2025-03-21T09:06:21.986 DEBUG [default] 2016-06-18 03:30:00
2025-03-21T09:06:21.999 DEBUG [default] 2016-06-18 03:32:00
2025-03-21T09:06:22.011 DEBUG [default] 2016-06-18 03:34:00
2025-03-21T09:06:22.022 DEBUG [default] 2016-06-18 03:36:00
2025-03-21T09:06:22.037 DEBUG [default] 2016-06-18 03:38:00
2025-03-21T09:06:22.050 DEBUG [default] 2016-06-18 03:40:00
2025-03-21T09:06:22.063 DEBUG [default] 2016-06-18 03:42:00
2025-03-21T09:06:22.073 DEBUG [default] 2016-06-18 03:44:00
2025-03-21T09:06:22.088 DEBUG [default] 2016-06-18 03:46:00
2025-03-21T09:06:22.100 DEBUG [default] 2016-06-18 03:48:00
2025-03-21T09:06:22.113 DEBUG [default] 2016-06-18 03:50:00
2025-03-21T09:06:22.126 DEBUG [default] 2016-06-18 03:52:00
2025-03-21T09:06:22.138 DEBUG [default] 2016-06-18 03:54:00
2025-03-21T09:06:22.149 DEBUG [default] 2016-06-18 03:56:00
2025-03-21T09:06:22.161 DEBUG [default] 2016-06-18 03:58:00
2025-03-21T09:06:22.174 DEBUG [default] 2016-06-18 04:00:00
2025-03-21T09:06:22.187 DEBUG [default] 2016-06-18 04:02:00
2025-03-21T09:06:22.199 DEBUG [default] 2016-06-18 04:04:00
2025-03-21T09:06:22.210 DEBUG [default] 2016-06-18 04:06:00
2025-03-21T09:06:22.224 DEBUG [default] 2016-06-18 04:08:00
2025-03-21T09:06:22.237 DEBUG [default] 2016-06-18 04:10:00
2025-03-21T09:06:22.249 DEBUG [default] 2016-06-18 04:12:00
2025-03-21T09:06:22.261 DEBUG [default] 2016-06-18 04:14:00
2025-03-21T09:06:22.272 DEBUG [default] 2016-06-18 04:16:00
2025-03-21T09:06:22.284 DEBUG [default] 2016-06-18 04:18:00
2025-03-21T09:06:22.298 DEBUG [default] 2016-06-18 04:20:00
2025-03-21T09:06:22.310 DEBUG [default] 2016-06-18 04:22:00
2025-03-21T09:06:22.323 DEBUG [default] 2016-06-18 04:24:00
2025-03-21T09:06:22.335 DEBUG [default] 2016-06-18 04:26:00
2025-03-21T09:06:22.347 DEBUG [default] 2016-06-18 04:28:00
2025-03-21T09:06:22.359 DEBUG [default] 2016-06-18 04:30:00
2025-03-21T09:06:22.372 DEBUG [default] 2016-06-18 04:32:00
2025-03-21T09:06:22.384 DEBUG [default] 2016-06-18 04:34:00
2025-03-21T09:06:22.395 DEBUG [default] 2016-06-18 04:36:00
2025-03-21T09:06:22.408 DEBUG [default] 2016-06-18 04:38:00
2025-03-21T09:06:22.422 DEBUG [default] 2016-06-18 04:40:00
2025-03-21T09:06:22.433 DEBUG [default] 2016-06-18 04:42:00
2025-03-21T09:06:22.444 DEBUG [default] 2016-06-18 04:44:00
2025-03-21T09:06:22.458 DEBUG [default] 2016-06-18 04:46:00
2025-03-21T09:06:22.469 DEBUG [default] 2016-06-18 04:48:00
2025-03-21T09:06:22.482 DEBUG [default] 2016-06-18 04:50:00
2025-03-21T09:06:22.494 DEBUG [default] 2016-06-18 04:52:00
2025-03-21T09:06:22.506 DEBUG [default] 2016-06-18 04:54:00
2025-03-21T09:06:22.520 DEBUG [default] 2016-06-18 04:56:00
2025-03-21T09:06:22.533 DEBUG [default] 2016-06-18 04:58:00
2025-03-21T09:06:22.546 INFO  [TIMESPAN] [COMP][ALL] 9.869
2025-03-21T09:06:22.547 INFO  [TIMESPAN] [COMP][TSD_RDd_P] 0.001
2025-03-21T09:06:22.547 INFO  [TIMESPAN] [COMP][TSD_RDd_TMEAN] 0.000
2025-03-21T09:06:22.547 INFO  [TIMESPAN] [COMP][TSD_RDd_TMAX] 0.000
2025-03-21T09:06:22.547 INFO  [TIMESPAN] [COMP][TSD_RDd_TMIN] 0.000
2025-03-21T09:06:22.547 INFO  [TIMESPAN] [COMP][TSD_RDd_SR] 0.000
2025-03-21T09:06:22.547 INFO  [TIMESPAN] [COMP][TSD_RDd_WS] 0.000
2025-03-21T09:06:22.547 INFO  [TIMESPAN] [COMP][TSD_RDd_RM] 0.000
2025-03-21T09:06:22.547 INFO  [TIMESPAN] [COMP][ITPd_P] 0.016
2025-03-21T09:06:22.547 INFO  [TIMESPAN] [COMP][ITPd_TMEAN] 0.013
2025-03-21T09:06:22.547 INFO  [TIMESPAN] [COMP][ITPd_TMAX] 0.011
2025-03-21T09:06:22.549 INFO  [TIMESPAN] [COMP][ITPd_TMIN] 0.011
2025-03-21T09:06:22.549 INFO  [TIMESPAN] [COMP][ITPd_SR] 0.011
2025-03-21T09:06:22.549 INFO  [TIMESPAN] [COMP][ITPd_WS] 0.011
2025-03-21T09:06:22.549 INFO  [TIMESPAN] [COMP][ITPd_RM] 0.011
2025-03-21T09:06:22.549 INFO  [TIMESPAN] [COMP][PI_MCSd] 0.575
2025-03-21T09:06:22.549 INFO  [TIMESPAN] [COMP][SUR_SGAd] 2.267
2025-03-21T09:06:22.549 INFO  [TIMESPAN] [COMP][DEP_FSd] 0.041
2025-03-21T09:06:22.549 INFO  [TIMESPAN] [COMP][IKW_OLd] 0.433
2025-03-21T09:06:22.550 INFO  [TIMESPAN] [COMP][PERCO_DARCYd] 0.006
2025-03-21T09:06:22.550 INFO  [TIMESPAN] [COMP][IKW_IFd] 0.105
2025-03-21T09:06:22.550 INFO  [TIMESPAN] [COMP][GW_RSVRd] 0.061
2025-03-21T09:06:22.550 INFO  [TIMESPAN] [COMP][CH_DWd] 4.217
2025-03-21T09:06:22.550 INFO  [TIMESPAN] [COMP][SPLASHERO_PARKd] 0.188
2025-03-21T09:06:22.550 INFO  [TIMESPAN] [COMP][KINWAVSED_OLd] 0.677
2025-03-21T09:06:22.550 INFO  [TIMESPAN] [COMP][KINWAVSED_CHd] 0.160
2025-03-21T09:06:22.550 TRACE [OUTPUT] Creating output file DPST_SUM... [PrintInfo.cpp:116]
2025-03-21T09:06:22.576 TRACE [OUTPUT] Creating output file INFIL_SUM... [PrintInfo.cpp:116]
2025-03-21T09:06:22.582 TRACE [OUTPUT] Creating output file INFIL_AVE... [PrintInfo.cpp:116]
2025-03-21T09:06:22.586 TRACE [OUTPUT] Creating output file INLO_SUM... [PrintInfo.cpp:116]
2025-03-21T09:06:22.592 TRACE [OUTPUT] Creating output file NEPR_SUM... [PrintInfo.cpp:116]
2025-03-21T09:06:22.596 TRACE [OUTPUT] Creating output file QOVERLAND_SUM... [PrintInfo.cpp:116]
2025-03-21T09:06:22.601 TRACE [OUTPUT] Creating output file QSOIL_SUM... [PrintInfo.cpp:116]
2025-03-21T09:06:22.605 TRACE [OUTPUT] Creating output file QSUBBASIN... [PrintInfo.cpp:116]
2025-03-21T09:06:22.640 TRACE [OUTPUT] Create E:\code\SEIMS\data\youwuzhen\demo_youwuzhen30m_storm_model\OUTPUT_D8_UP_DOWN-0-\QSUBBASIN.txt successfully! [PrintInfo.cpp:146]
2025-03-21T09:06:22.640 TRACE [OUTPUT] Creating output file SBGS... [PrintInfo.cpp:116]
2025-03-21T09:06:22.680 TRACE [OUTPUT] Create E:\code\SEIMS\data\youwuzhen\demo_youwuzhen30m_storm_model\OUTPUT_D8_UP_DOWN-0-\SBGS.txt successfully! [PrintInfo.cpp:146]
2025-03-21T09:06:22.680 TRACE [OUTPUT] Creating output file SBQG... [PrintInfo.cpp:116]
2025-03-21T09:06:22.714 TRACE [OUTPUT] Create E:\code\SEIMS\data\youwuzhen\demo_youwuzhen30m_storm_model\OUTPUT_D8_UP_DOWN-0-\SBQG.txt successfully! [PrintInfo.cpp:146]
2025-03-21T09:06:22.714 TRACE [OUTPUT] Creating output file 4_SEDTOCH(GridFS file: 4_SEDTOCH_0_)... [PrintInfo.cpp:114]
2025-03-21T09:06:22.881 TRACE [OUTPUT] -- Create E:\code\SEIMS\data\youwuzhen\demo_youwuzhen30m_storm_model\OUTPUT_D8_UP_DOWN-0-\4_SEDTOCH.txt successfully! [PrintInfo.cpp:237]
2025-03-21T09:06:22.884 TRACE [OUTPUT] Creating output file SOLST_SUM... [PrintInfo.cpp:116]
2025-03-21T09:06:22.914 TRACE [OUTPUT] Creating output file SOLST_AVE... [PrintInfo.cpp:116]
2025-03-21T09:06:22.944 TRACE [OUTPUT] Creating output file SURU_SUM... [PrintInfo.cpp:116]
2025-03-21T09:06:22.949 TRACE [OUTPUT] Creating output file SURU_AVE... [PrintInfo.cpp:116]
2025-03-21T09:06:22.954 INFO  [TIMESPAN] [IO  ][Output] 0.404
2025-03-21T09:06:22.954 INFO  [TIMESPAN] [SIMU][ALL] 10.896
2025-03-21T09:06:22.954 TRACE [RELEASE] Release DataCenterMongoDB... [DataCenterMongoDB.cpp:74]
2025-03-21T09:06:22.955 TRACE [RELEASE] Release DataCenter... [DataCenter.cpp:24]
2025-03-21T09:06:22.955 TRACE [RELEASE] ---release setting input data ... [DataCenter.cpp:26]
2025-03-21T09:06:22.955 TRACE [RELEASE] ---release setting output data ... [DataCenter.cpp:31]
2025-03-21T09:06:22.955 TRACE [RELEASE] Start to release SettingsOutput ... [SettingsOutput.cpp:99]
2025-03-21T09:06:22.955 TRACE [RELEASE] Start to release PrintInfoItem for BIOMASS ... [PrintInfo.cpp:27]
2025-03-21T09:06:22.955 TRACE [RELEASE] End to release PrintInfoItem for BIOMASS . [PrintInfo.cpp:39]
2025-03-21T09:06:22.955 TRACE [RELEASE] Start to release PrintInfoItem for BIOMASS ... [PrintInfo.cpp:27]
2025-03-21T09:06:22.955 TRACE [RELEASE] End to release PrintInfoItem for BIOMASS . [PrintInfo.cpp:39]
2025-03-21T09:06:22.956 TRACE [RELEASE] Start to release PrintInfoItem for CHST ... [PrintInfo.cpp:27]
2025-03-21T09:06:22.956 TRACE [RELEASE] End to release PrintInfoItem for CHST . [PrintInfo.cpp:39]
2025-03-21T09:06:22.956 TRACE [RELEASE] Start to release PrintInfoItem for CHWTRDEPTH ... [PrintInfo.cpp:27]
2025-03-21T09:06:22.956 TRACE [RELEASE] End to release PrintInfoItem for CHWTRDEPTH . [PrintInfo.cpp:39]
2025-03-21T09:06:22.956 TRACE [RELEASE] Start to release PrintInfoItem for CHWTRWIDTH ... [PrintInfo.cpp:27]
2025-03-21T09:06:22.956 TRACE [RELEASE] End to release PrintInfoItem for CHWTRWIDTH . [PrintInfo.cpp:39]
2025-03-21T09:06:22.956 TRACE [RELEASE] Start to release PrintInfoItem for DEET ... [PrintInfo.cpp:27]
2025-03-21T09:06:22.956 TRACE [RELEASE] End to release PrintInfoItem for DEET . [PrintInfo.cpp:39]
2025-03-21T09:06:22.957 TRACE [RELEASE] Start to release PrintInfoItem for DPST_SUM ... [PrintInfo.cpp:27]
2025-03-21T09:06:22.957 TRACE [RELEASE] End to release PrintInfoItem for DPST_SUM . [PrintInfo.cpp:39]
2025-03-21T09:06:22.957 TRACE [RELEASE] Start to release PrintInfoItem for GWWB ... [PrintInfo.cpp:27]
2025-03-21T09:06:22.957 TRACE [RELEASE] End to release PrintInfoItem for GWWB . [PrintInfo.cpp:39]
2025-03-21T09:06:22.957 TRACE [RELEASE] Start to release PrintInfoItem for INET ... [PrintInfo.cpp:27]
2025-03-21T09:06:22.957 TRACE [RELEASE] End to release PrintInfoItem for INET . [PrintInfo.cpp:39]
2025-03-21T09:06:22.958 TRACE [RELEASE] Start to release PrintInfoItem for INFIL_SUM ... [PrintInfo.cpp:27]
2025-03-21T09:06:22.958 TRACE [RELEASE] End to release PrintInfoItem for INFIL_SUM . [PrintInfo.cpp:39]
2025-03-21T09:06:22.958 TRACE [RELEASE] Start to release PrintInfoItem for INFIL_AVE ... [PrintInfo.cpp:27]
2025-03-21T09:06:22.958 TRACE [RELEASE] End to release PrintInfoItem for INFIL_AVE . [PrintInfo.cpp:39]
2025-03-21T09:06:22.958 TRACE [RELEASE] Start to release PrintInfoItem for INLO_SUM ... [PrintInfo.cpp:27]
2025-03-21T09:06:22.958 TRACE [RELEASE] End to release PrintInfoItem for INLO_SUM . [PrintInfo.cpp:39]
2025-03-21T09:06:22.958 TRACE [RELEASE] Start to release PrintInfoItem for LAIDAY ... [PrintInfo.cpp:27]
2025-03-21T09:06:22.959 TRACE [RELEASE] End to release PrintInfoItem for LAIDAY . [PrintInfo.cpp:39]
2025-03-21T09:06:22.959 TRACE [RELEASE] Start to release PrintInfoItem for LAIDAY ... [PrintInfo.cpp:27]
2025-03-21T09:06:22.959 TRACE [RELEASE] End to release PrintInfoItem for LAIDAY . [PrintInfo.cpp:39]
2025-03-21T09:06:22.959 TRACE [RELEASE] Start to release PrintInfoItem for NEPR_SUM ... [PrintInfo.cpp:27]
2025-03-21T09:06:22.959 TRACE [RELEASE] End to release PrintInfoItem for NEPR_SUM . [PrintInfo.cpp:39]
2025-03-21T09:06:22.959 TRACE [RELEASE] Start to release PrintInfoItem for PET ... [PrintInfo.cpp:27]
2025-03-21T09:06:22.959 TRACE [RELEASE] End to release PrintInfoItem for PET . [PrintInfo.cpp:39]
2025-03-21T09:06:22.959 TRACE [RELEASE] Start to release PrintInfoItem for PET ... [PrintInfo.cpp:27]
2025-03-21T09:06:22.960 TRACE [RELEASE] End to release PrintInfoItem for PET . [PrintInfo.cpp:39]
2025-03-21T09:06:22.960 TRACE [RELEASE] Start to release PrintInfoItem for PPT ... [PrintInfo.cpp:27]
2025-03-21T09:06:22.960 TRACE [RELEASE] End to release PrintInfoItem for PPT . [PrintInfo.cpp:39]
2025-03-21T09:06:22.960 TRACE [RELEASE] Start to release PrintInfoItem for PPT ... [PrintInfo.cpp:27]
2025-03-21T09:06:22.960 TRACE [RELEASE] End to release PrintInfoItem for PPT . [PrintInfo.cpp:39]
2025-03-21T09:06:22.960 TRACE [RELEASE] Start to release PrintInfoItem for QG ... [PrintInfo.cpp:27]
2025-03-21T09:06:22.960 TRACE [RELEASE] End to release PrintInfoItem for QG . [PrintInfo.cpp:39]
2025-03-21T09:06:22.960 TRACE [RELEASE] Start to release PrintInfoItem for QI ... [PrintInfo.cpp:27]
2025-03-21T09:06:22.960 TRACE [RELEASE] End to release PrintInfoItem for QI . [PrintInfo.cpp:39]
2025-03-21T09:06:22.960 TRACE [RELEASE] Start to release PrintInfoItem for QOVERLAND_SUM ... [PrintInfo.cpp:27]
2025-03-21T09:06:22.960 TRACE [RELEASE] End to release PrintInfoItem for QOVERLAND_SUM . [PrintInfo.cpp:39]
2025-03-21T09:06:22.960 TRACE [RELEASE] Start to release PrintInfoItem for Q ... [PrintInfo.cpp:27]
2025-03-21T09:06:22.962 TRACE [RELEASE] End to release PrintInfoItem for Q . [PrintInfo.cpp:39]
2025-03-21T09:06:22.962 TRACE [RELEASE] Start to release PrintInfoItem for QS ... [PrintInfo.cpp:27]
2025-03-21T09:06:22.962 TRACE [RELEASE] End to release PrintInfoItem for QS . [PrintInfo.cpp:39]
2025-03-21T09:06:22.962 TRACE [RELEASE] Start to release PrintInfoItem for QSOIL_SUM ... [PrintInfo.cpp:27]
2025-03-21T09:06:22.962 TRACE [RELEASE] End to release PrintInfoItem for QSOIL_SUM . [PrintInfo.cpp:39]
2025-03-21T09:06:22.962 TRACE [RELEASE] Start to release PrintInfoItem for QSUBBASIN ... [PrintInfo.cpp:27]
2025-03-21T09:06:22.962 TRACE [RELEASE] End to release PrintInfoItem for QSUBBASIN . [PrintInfo.cpp:39]
2025-03-21T09:06:22.963 TRACE [RELEASE] Start to release PrintInfoItem for SBGS ... [PrintInfo.cpp:27]
2025-03-21T09:06:22.963 TRACE [RELEASE] End to release PrintInfoItem for SBGS . [PrintInfo.cpp:39]
2025-03-21T09:06:22.963 TRACE [RELEASE] Start to release PrintInfoItem for SBIF ... [PrintInfo.cpp:27]
2025-03-21T09:06:22.963 TRACE [RELEASE] End to release PrintInfoItem for SBIF . [PrintInfo.cpp:39]
2025-03-21T09:06:22.963 TRACE [RELEASE] Start to release PrintInfoItem for SBOF ... [PrintInfo.cpp:27]
2025-03-21T09:06:22.963 TRACE [RELEASE] End to release PrintInfoItem for SBOF . [PrintInfo.cpp:39]
2025-03-21T09:06:22.964 TRACE [RELEASE] Start to release PrintInfoItem for SBQG ... [PrintInfo.cpp:27]
2025-03-21T09:06:22.964 TRACE [RELEASE] End to release PrintInfoItem for SBQG . [PrintInfo.cpp:39]
2025-03-21T09:06:22.964 TRACE [RELEASE] Start to release PrintInfoItem for SED ... [PrintInfo.cpp:27]
2025-03-21T09:06:22.964 TRACE [RELEASE] End to release PrintInfoItem for SED . [PrintInfo.cpp:39]
2025-03-21T09:06:22.964 TRACE [RELEASE] Start to release PrintInfoItem for SEDRECHConc ... [PrintInfo.cpp:27]
2025-03-21T09:06:22.964 TRACE [RELEASE] End to release PrintInfoItem for SEDRECHConc . [PrintInfo.cpp:39]
2025-03-21T09:06:22.964 TRACE [RELEASE] Start to release PrintInfoItem for 4_SEDTOCH ... [PrintInfo.cpp:27]
2025-03-21T09:06:22.965 TRACE [RELEASE] End to release PrintInfoItem for 4_SEDTOCH . [PrintInfo.cpp:39]
2025-03-21T09:06:22.965 TRACE [RELEASE] Start to release PrintInfoItem for SED_OL ... [PrintInfo.cpp:27]
2025-03-21T09:06:22.965 TRACE [RELEASE] End to release PrintInfoItem for SED_OL . [PrintInfo.cpp:39]
2025-03-21T09:06:22.965 TRACE [RELEASE] Start to release PrintInfoItem for SED_OL ... [PrintInfo.cpp:27]
2025-03-21T09:06:22.965 TRACE [RELEASE] End to release PrintInfoItem for SED_OL . [PrintInfo.cpp:39]
2025-03-21T09:06:22.965 TRACE [RELEASE] Start to release PrintInfoItem for SOER ... [PrintInfo.cpp:27]
2025-03-21T09:06:22.965 TRACE [RELEASE] End to release PrintInfoItem for SOER . [PrintInfo.cpp:39]
2025-03-21T09:06:22.965 TRACE [RELEASE] Start to release PrintInfoItem for SOER ... [PrintInfo.cpp:27]
2025-03-21T09:06:22.966 TRACE [RELEASE] End to release PrintInfoItem for SOER . [PrintInfo.cpp:39]
2025-03-21T09:06:22.966 TRACE [RELEASE] Start to release PrintInfoItem for SOET ... [PrintInfo.cpp:27]
2025-03-21T09:06:22.966 TRACE [RELEASE] End to release PrintInfoItem for SOET . [PrintInfo.cpp:39]
2025-03-21T09:06:22.966 TRACE [RELEASE] Start to release PrintInfoItem for SOET ... [PrintInfo.cpp:27]
2025-03-21T09:06:22.966 TRACE [RELEASE] End to release PrintInfoItem for SOET . [PrintInfo.cpp:39]
2025-03-21T09:06:22.966 TRACE [RELEASE] Start to release PrintInfoItem for SOLST_SUM ... [PrintInfo.cpp:27]
2025-03-21T09:06:22.966 TRACE [RELEASE] End to release PrintInfoItem for SOLST_SUM . [PrintInfo.cpp:39]
2025-03-21T09:06:22.966 TRACE [RELEASE] Start to release PrintInfoItem for SOLST_AVE ... [PrintInfo.cpp:27]
2025-03-21T09:06:22.967 TRACE [RELEASE] End to release PrintInfoItem for SOLST_AVE . [PrintInfo.cpp:39]
2025-03-21T09:06:22.967 TRACE [RELEASE] Start to release PrintInfoItem for SOL_COV ... [PrintInfo.cpp:27]
2025-03-21T09:06:22.967 TRACE [RELEASE] End to release PrintInfoItem for SOL_COV . [PrintInfo.cpp:39]
2025-03-21T09:06:22.967 TRACE [RELEASE] Start to release PrintInfoItem for SOL_COV ... [PrintInfo.cpp:27]
2025-03-21T09:06:22.967 TRACE [RELEASE] End to release PrintInfoItem for SOL_COV . [PrintInfo.cpp:39]
2025-03-21T09:06:22.967 TRACE [RELEASE] Start to release PrintInfoItem for SURU_SUM ... [PrintInfo.cpp:27]
2025-03-21T09:06:22.968 TRACE [RELEASE] End to release PrintInfoItem for SURU_SUM . [PrintInfo.cpp:39]
2025-03-21T09:06:22.968 TRACE [RELEASE] Start to release PrintInfoItem for SURU_AVE ... [PrintInfo.cpp:27]
2025-03-21T09:06:22.968 TRACE [RELEASE] End to release PrintInfoItem for SURU_AVE . [PrintInfo.cpp:39]
2025-03-21T09:06:22.968 TRACE [RELEASE] Start to release PrintInfoItem for USLE_C ... [PrintInfo.cpp:27]
2025-03-21T09:06:22.968 TRACE [RELEASE] End to release PrintInfoItem for USLE_C . [PrintInfo.cpp:39]
2025-03-21T09:06:22.968 TRACE [RELEASE] Start to release PrintInfoItem for USLE_C ... [PrintInfo.cpp:27]
2025-03-21T09:06:22.968 TRACE [RELEASE] End to release PrintInfoItem for USLE_C . [PrintInfo.cpp:39]
2025-03-21T09:06:22.969 TRACE [RELEASE] Start to release PrintInfoItem for USLE_C ... [PrintInfo.cpp:27]
2025-03-21T09:06:22.969 TRACE [RELEASE] End to release PrintInfoItem for USLE_C . [PrintInfo.cpp:39]
2025-03-21T09:06:22.969 TRACE [RELEASE] Start to release PrintInfoItem for USLE_C ... [PrintInfo.cpp:27]
2025-03-21T09:06:22.969 TRACE [RELEASE] End to release PrintInfoItem for USLE_C . [PrintInfo.cpp:39]
2025-03-21T09:06:22.969 TRACE [RELEASE] Start to release PrintInfoItem for USLE_L ... [PrintInfo.cpp:27]
2025-03-21T09:06:22.969 TRACE [RELEASE] End to release PrintInfoItem for USLE_L . [PrintInfo.cpp:39]
2025-03-21T09:06:22.969 TRACE [RELEASE] Start to release PrintInfoItem for USLE_S ... [PrintInfo.cpp:27]
2025-03-21T09:06:22.969 TRACE [RELEASE] End to release PrintInfoItem for USLE_S . [PrintInfo.cpp:39]
2025-03-21T09:06:22.970 TRACE [RELEASE] End to release SettingsOutput. [SettingsOutput.cpp:114]
2025-03-21T09:06:22.970 TRACE [RELEASE] ---release climate station data ... [DataCenter.cpp:36]
2025-03-21T09:06:22.970 TRACE [RELEASE] Start to release InputStation data ... [InputStation.cpp:19]
2025-03-21T09:06:22.971 TRACE [RELEASE] ---release bmps scenario data ... [DataCenter.cpp:41]
2025-03-21T09:06:22.971 TRACE [RELEASE] Releasing Scenario... [Scenario.cpp:15]
2025-03-21T09:06:22.971 TRACE [RELEASE] ---release reaches data ... [DataCenter.cpp:46]
2025-03-21T09:06:22.974 TRACE [RELEASE] ---release subbasins data ... [DataCenter.cpp:51]
2025-03-21T09:06:22.975 TRACE [RELEASE] ---release map of all 1D and 2D raster data ... [DataCenter.cpp:55]
2025-03-21T09:06:22.975 TRACE [RELEASE] -----0_CH_WIDTH ... [DataCenter.cpp:58]
2025-03-21T09:06:22.975 TRACE [RELEASE] -----0_CLAY ... [DataCenter.cpp:58]
2025-03-21T09:06:22.976 TRACE [RELEASE] -----0_CONDUCTIVITY ... [DataCenter.cpp:58]
2025-03-21T09:06:22.976 TRACE [RELEASE] -----0_DEM ... [DataCenter.cpp:58]
2025-03-21T09:06:22.976 TRACE [RELEASE] -----0_DEPRESSION ... [DataCenter.cpp:58]
2025-03-21T09:06:22.976 TRACE [RELEASE] -----0_FIELDCAP ... [DataCenter.cpp:58]
2025-03-21T09:06:22.977 TRACE [RELEASE] -----0_FLOW_DIR ... [DataCenter.cpp:58]
2025-03-21T09:06:22.977 TRACE [RELEASE] -----0_INTERC_MAX ... [DataCenter.cpp:58]
2025-03-21T09:06:22.977 TRACE [RELEASE] -----0_INTERC_MIN ... [DataCenter.cpp:58]
2025-03-21T09:06:22.978 TRACE [RELEASE] -----0_MANNING ... [DataCenter.cpp:58]
2025-03-21T09:06:22.978 TRACE [RELEASE] -----0_MOIST_IN ... [DataCenter.cpp:58]
2025-03-21T09:06:22.978 TRACE [RELEASE] -----0_POREINDEX ... [DataCenter.cpp:58]
2025-03-21T09:06:22.979 TRACE [RELEASE] -----0_POROSITY ... [DataCenter.cpp:58]
2025-03-21T09:06:22.979 TRACE [RELEASE] -----0_SAND ... [DataCenter.cpp:58]
2025-03-21T09:06:22.979 TRACE [RELEASE] -----0_SLOPE ... [DataCenter.cpp:58]
2025-03-21T09:06:22.980 TRACE [RELEASE] -----0_SOILDEPTH ... [DataCenter.cpp:58]
2025-03-21T09:06:22.980 TRACE [RELEASE] -----0_SUBBASIN ... [DataCenter.cpp:58]
2025-03-21T09:06:22.980 TRACE [RELEASE] -----0_USLE_C ... [DataCenter.cpp:58]
2025-03-21T09:06:22.981 TRACE [RELEASE] -----0_USLE_K ... [DataCenter.cpp:58]
2025-03-21T09:06:22.981 TRACE [RELEASE] ---release map of all integer 1D and 2D raster data ... [DataCenter.cpp:64]
2025-03-21T09:06:22.981 TRACE [RELEASE] -----0_LANDUSE ... [DataCenter.cpp:67]
2025-03-21T09:06:22.982 TRACE [RELEASE] -----0_SOILLAYERS ... [DataCenter.cpp:67]
2025-03-21T09:06:22.982 TRACE [RELEASE] -----0_STREAM_LINK ... [DataCenter.cpp:67]
2025-03-21T09:06:22.982 TRACE [RELEASE] -----0_SUBBASIN ... [DataCenter.cpp:67]
2025-03-21T09:06:22.983 TRACE [RELEASE] ---release map of parameters in MongoDB ... [DataCenter.cpp:73]
2025-03-21T09:06:22.984 TRACE [RELEASE] ---release map of integer parameters in MongoDB ... [DataCenter.cpp:81]
2025-03-21T09:06:22.985 TRACE [RELEASE] ---release map of 1D array data ... [DataCenter.cpp:89]
2025-03-21T09:06:22.985 TRACE [RELEASE] -----0_STATIONELEVATION_M ... [DataCenter.cpp:92]
2025-03-21T09:06:22.985 TRACE [RELEASE] -----0_STATIONELEVATION_P ... [DataCenter.cpp:92]
2025-03-21T09:06:22.985 TRACE [RELEASE] ---release map of integer 1D array data ... [DataCenter.cpp:97]
2025-03-21T09:06:22.985 TRACE [RELEASE] ---release map of 2D array data ... [DataCenter.cpp:105]
2025-03-21T09:06:22.985 TRACE [RELEASE] -----0_LAPSERATE ... [DataCenter.cpp:108]
2025-03-21T09:06:22.985 TRACE [RELEASE] -----0_WEIGHT_M ... [DataCenter.cpp:108]
2025-03-21T09:06:22.985 TRACE [RELEASE] -----0_WEIGHT_P ... [DataCenter.cpp:108]
2025-03-21T09:06:22.987 TRACE [RELEASE] ---release map of integer 2D array data ... [DataCenter.cpp:113]
2025-03-21T09:06:22.987 TRACE [RELEASE] -----0_FLOWIN_INDEX_D8 ... [DataCenter.cpp:116]
2025-03-21T09:06:22.987 TRACE [RELEASE] -----0_FLOWOUT_INDEX_D8 ... [DataCenter.cpp:116]
2025-03-21T09:06:22.987 TRACE [RELEASE] -----0_ROUTING_LAYERS_UP_DOWN_D8 ... [DataCenter.cpp:116]
2025-03-21T09:06:22.987 TRACE [RELEASE] Start to release ModuleFactory ... [ModuleFactory.cpp:113]
2025-03-21T09:06:22.987 TRACE [RELEASE] ---release map of SEIMSModuleSettings ... [ModuleFactory.cpp:114]
2025-03-21T09:06:22.987 TRACE [RELEASE] -----CH_DWd ... [ModuleFactory.cpp:117]
2025-03-21T09:06:22.987 TRACE [RELEASE] -----DEP_FSd ... [ModuleFactory.cpp:117]
2025-03-21T09:06:22.987 TRACE [RELEASE] -----GW_RSVRd ... [ModuleFactory.cpp:117]
2025-03-21T09:06:22.987 TRACE [RELEASE] -----IKW_IFd ... [ModuleFactory.cpp:117]
2025-03-21T09:06:22.988 TRACE [RELEASE] -----IKW_OLd ... [ModuleFactory.cpp:117]
2025-03-21T09:06:22.988 TRACE [RELEASE] -----ITPd_P ... [ModuleFactory.cpp:117]
2025-03-21T09:06:22.988 TRACE [RELEASE] -----ITPd_RM ... [ModuleFactory.cpp:117]
2025-03-21T09:06:22.988 TRACE [RELEASE] -----ITPd_SR ... [ModuleFactory.cpp:117]
2025-03-21T09:06:22.988 TRACE [RELEASE] -----ITPd_TMAX ... [ModuleFactory.cpp:117]
2025-03-21T09:06:22.989 TRACE [RELEASE] -----ITPd_TMEAN ... [ModuleFactory.cpp:117]
2025-03-21T09:06:22.989 TRACE [RELEASE] -----ITPd_TMIN ... [ModuleFactory.cpp:117]
2025-03-21T09:06:22.989 TRACE [RELEASE] -----ITPd_WS ... [ModuleFactory.cpp:117]
2025-03-21T09:06:22.989 TRACE [RELEASE] -----KINWAVSED_CHd ... [ModuleFactory.cpp:117]
2025-03-21T09:06:22.989 TRACE [RELEASE] -----KINWAVSED_OLd ... [ModuleFactory.cpp:117]
2025-03-21T09:06:22.989 TRACE [RELEASE] -----PERCO_DARCYd ... [ModuleFactory.cpp:117]
2025-03-21T09:06:22.989 TRACE [RELEASE] -----PI_MCSd ... [ModuleFactory.cpp:117]
2025-03-21T09:06:22.990 TRACE [RELEASE] -----SPLASHERO_PARKd ... [ModuleFactory.cpp:117]
2025-03-21T09:06:22.990 TRACE [RELEASE] -----SUR_SGAd ... [ModuleFactory.cpp:117]
2025-03-21T09:06:22.990 TRACE [RELEASE] -----TSD_RDd_P ... [ModuleFactory.cpp:117]
2025-03-21T09:06:22.990 TRACE [RELEASE] -----TSD_RDd_RM ... [ModuleFactory.cpp:117]
2025-03-21T09:06:22.990 TRACE [RELEASE] -----TSD_RDd_SR ... [ModuleFactory.cpp:117]
2025-03-21T09:06:22.990 TRACE [RELEASE] -----TSD_RDd_TMAX ... [ModuleFactory.cpp:117]
2025-03-21T09:06:22.990 TRACE [RELEASE] -----TSD_RDd_TMEAN ... [ModuleFactory.cpp:117]
2025-03-21T09:06:22.990 TRACE [RELEASE] -----TSD_RDd_TMIN ... [ModuleFactory.cpp:117]
2025-03-21T09:06:22.990 TRACE [RELEASE] -----TSD_RDd_WS ... [ModuleFactory.cpp:117]
2025-03-21T09:06:22.990 TRACE [RELEASE] ---release module parameters ... [ModuleFactory.cpp:124]
2025-03-21T09:06:22.992 TRACE [RELEASE] ---release module parameters in integer ... [ModuleFactory.cpp:136]
2025-03-21T09:06:22.992 TRACE [RELEASE] ---release module inputs ... [ModuleFactory.cpp:148]
2025-03-21T09:06:22.993 TRACE [RELEASE] ---release module inputs in integer ... [ModuleFactory.cpp:160]
2025-03-21T09:06:22.993 TRACE [RELEASE] ---release module outputs ... [ModuleFactory.cpp:172]
2025-03-21T09:06:22.993 TRACE [RELEASE] ---release module outputs in integer ... [ModuleFactory.cpp:184]
2025-03-21T09:06:22.993 TRACE [RELEASE] ---release module in/outputs ... [ModuleFactory.cpp:196]
2025-03-21T09:06:22.993 TRACE [RELEASE] ---release module transferred value inputs ... [ModuleFactory.cpp:208]
2025-03-21T09:06:22.993 TRACE [RELEASE] ---release module  interval value inputs ... [ModuleFactory.cpp:216]
2025-03-21T09:06:22.993 TRACE [RELEASE] ---release dynamic library handles ... [ModuleFactory.cpp:224]
2025-03-21T09:06:23.001 TRACE [RELEASE] End to release ModuleFactory. [ModuleFactory.cpp:233]
2025-03-21T09:06:26.666 TRACE [INITIALIZE] Read DLL: TSD_RDd [ModuleFactory.cpp:503]
2025-03-21T09:06:26.666 TRACE [INITIALIZE] ---Loading library: TSD_RDd_P [ModuleFactory.cpp:285]
2025-03-21T09:06:26.668 TRACE [INITIALIZE] Read DLL: TSD_RDd [ModuleFactory.cpp:503]
2025-03-21T09:06:26.669 TRACE [INITIALIZE] ---Loading library: TSD_RDd_TMEAN [ModuleFactory.cpp:285]
2025-03-21T09:06:26.670 TRACE [INITIALIZE] Read DLL: TSD_RDd [ModuleFactory.cpp:503]
2025-03-21T09:06:26.670 TRACE [INITIALIZE] ---Loading library: TSD_RDd_TMAX [ModuleFactory.cpp:285]
2025-03-21T09:06:26.671 TRACE [INITIALIZE] Read DLL: TSD_RDd [ModuleFactory.cpp:503]
2025-03-21T09:06:26.671 TRACE [INITIALIZE] ---Loading library: TSD_RDd_TMIN [ModuleFactory.cpp:285]
2025-03-21T09:06:26.672 TRACE [INITIALIZE] Read DLL: TSD_RDd [ModuleFactory.cpp:503]
2025-03-21T09:06:26.672 TRACE [INITIALIZE] ---Loading library: TSD_RDd_SR [ModuleFactory.cpp:285]
2025-03-21T09:06:26.673 TRACE [INITIALIZE] Read DLL: TSD_RDd [ModuleFactory.cpp:503]
2025-03-21T09:06:26.674 TRACE [INITIALIZE] ---Loading library: TSD_RDd_WS [ModuleFactory.cpp:285]
2025-03-21T09:06:26.674 TRACE [INITIALIZE] Read DLL: TSD_RDd [ModuleFactory.cpp:503]
2025-03-21T09:06:26.675 TRACE [INITIALIZE] ---Loading library: TSD_RDd_RM [ModuleFactory.cpp:285]
2025-03-21T09:06:26.681 TRACE [INITIALIZE] Read DLL: ITPd [ModuleFactory.cpp:503]
2025-03-21T09:06:26.682 TRACE [INITIALIZE] ---Loading library: ITPd_P [ModuleFactory.cpp:285]
2025-03-21T09:06:26.684 TRACE [INITIALIZE] Read DLL: ITPd [ModuleFactory.cpp:503]
2025-03-21T09:06:26.685 TRACE [INITIALIZE] ---Loading library: ITPd_TMEAN [ModuleFactory.cpp:285]
2025-03-21T09:06:26.685 TRACE [INITIALIZE] Read DLL: ITPd [ModuleFactory.cpp:503]
2025-03-21T09:06:26.687 TRACE [INITIALIZE] ---Loading library: ITPd_TMAX [ModuleFactory.cpp:285]
2025-03-21T09:06:26.688 TRACE [INITIALIZE] Read DLL: ITPd [ModuleFactory.cpp:503]
2025-03-21T09:06:26.689 TRACE [INITIALIZE] ---Loading library: ITPd_TMIN [ModuleFactory.cpp:285]
2025-03-21T09:06:26.690 TRACE [INITIALIZE] Read DLL: ITPd [ModuleFactory.cpp:503]
2025-03-21T09:06:26.691 TRACE [INITIALIZE] ---Loading library: ITPd_SR [ModuleFactory.cpp:285]
2025-03-21T09:06:26.692 TRACE [INITIALIZE] Read DLL: ITPd [ModuleFactory.cpp:503]
2025-03-21T09:06:26.693 TRACE [INITIALIZE] ---Loading library: ITPd_WS [ModuleFactory.cpp:285]
2025-03-21T09:06:26.695 TRACE [INITIALIZE] Read DLL: ITPd [ModuleFactory.cpp:503]
2025-03-21T09:06:26.696 TRACE [INITIALIZE] ---Loading library: ITPd_RM [ModuleFactory.cpp:285]
2025-03-21T09:06:26.702 TRACE [INITIALIZE] Read DLL: PI_MCSd [ModuleFactory.cpp:503]
2025-03-21T09:06:26.703 TRACE [INITIALIZE] ---Loading library: PI_MCSd [ModuleFactory.cpp:285]
2025-03-21T09:06:26.708 TRACE [INITIALIZE] Read DLL: SUR_SGAd [ModuleFactory.cpp:503]
2025-03-21T09:06:26.709 TRACE [INITIALIZE] ---Loading library: SUR_SGAd [ModuleFactory.cpp:285]
2025-03-21T09:06:26.714 TRACE [INITIALIZE] Read DLL: DEP_FSd [ModuleFactory.cpp:503]
2025-03-21T09:06:26.715 TRACE [INITIALIZE] ---Loading library: DEP_FSd [ModuleFactory.cpp:285]
2025-03-21T09:06:26.719 TRACE [INITIALIZE] Read DLL: IKW_OLd [ModuleFactory.cpp:503]
2025-03-21T09:06:26.722 TRACE [INITIALIZE] ---Loading library: IKW_OLd [ModuleFactory.cpp:285]
2025-03-21T09:06:26.727 TRACE [INITIALIZE] Read DLL: PERCO_DARCYd [ModuleFactory.cpp:503]
2025-03-21T09:06:26.728 TRACE [INITIALIZE] ---Loading library: PERCO_DARCYd [ModuleFactory.cpp:285]
2025-03-21T09:06:26.731 TRACE [INITIALIZE] Read DLL: IKW_IFd [ModuleFactory.cpp:503]
2025-03-21T09:06:26.734 TRACE [INITIALIZE] ---Loading library: IKW_IFd [ModuleFactory.cpp:285]
2025-03-21T09:06:26.738 TRACE [INITIALIZE] Read DLL: GW_RSVRd [ModuleFactory.cpp:503]
2025-03-21T09:06:26.741 TRACE [INITIALIZE] ---Loading library: GW_RSVRd [ModuleFactory.cpp:285]
2025-03-21T09:06:26.745 TRACE [INITIALIZE] Read DLL: CH_DWd [ModuleFactory.cpp:503]
2025-03-21T09:06:26.748 TRACE [INITIALIZE] ---Loading library: CH_DWd [ModuleFactory.cpp:285]
2025-03-21T09:06:26.753 TRACE [INITIALIZE] Read DLL: SPLASHERO_PARKd [ModuleFactory.cpp:503]
2025-03-21T09:06:26.754 TRACE [INITIALIZE] ---Loading library: SPLASHERO_PARKd [ModuleFactory.cpp:285]
2025-03-21T09:06:26.759 TRACE [INITIALIZE] Read DLL: KINWAVSED_OLd [ModuleFactory.cpp:503]
2025-03-21T09:06:26.762 TRACE [INITIALIZE] ---Loading library: KINWAVSED_OLd [ModuleFactory.cpp:285]
2025-03-21T09:06:26.768 TRACE [INITIALIZE] Read DLL: KINWAVSED_CHd [ModuleFactory.cpp:503]
2025-03-21T09:06:26.770 TRACE [INITIALIZE] ---Loading library: KINWAVSED_CHd [ModuleFactory.cpp:285]
2025-03-21T09:06:26.782 TRACE [INITIALIZE] Query for OUTLET_ID: { "NAME" : "OUTLET_ID" } [DataCenterMongoDB.cpp:287]
2025-03-21T09:06:26.784 TRACE [INITIALIZE] Query for SUBBASINID_NUM: { "NAME" : "SUBBASINID_NUM" } [DataCenterMongoDB.cpp:287]
2025-03-21T09:06:26.793 TRACE [INITIALIZE] Output Info of subbasin: 0: NEPR: SUM, 2016-06-17 -- 2016-06-18 05:00:00, ALL [DataCenter.cpp:824]
2025-03-21T09:06:26.793 TRACE [INITIALIZE] Output Info of subbasin: 0: INET: SUM, 2016-06-17 -- 2016-06-18 05:00:00, ALL [DataCenter.cpp:824]
2025-03-21T09:06:26.793 TRACE [INITIALIZE] Output Info of subbasin: 0: INLO: SUM, 2016-06-17 -- 2016-06-18 05:00:00, ALL [DataCenter.cpp:824]
2025-03-21T09:06:26.793 TRACE [INITIALIZE] Output Info of subbasin: 0: PET: SUM-AVE, 2016-06-17 -- 2016-06-18 05:00:00, ALL [DataCenter.cpp:824]
2025-03-21T09:06:26.794 TRACE [INITIALIZE] Output Info of subbasin: 0: PPT: SUM-AVE, 2016-06-17 -- 2016-06-18 05:00:00, ALL [DataCenter.cpp:824]
2025-03-21T09:06:26.794 TRACE [INITIALIZE] Output Info of subbasin: 0: SOET: SUM-AVE, 2016-06-17 -- 2016-06-18 05:00:00, ALL [DataCenter.cpp:824]
2025-03-21T09:06:26.794 TRACE [INITIALIZE] Output Info of subbasin: 0: INFIL: SUM-AVE, 2016-06-17 -- 2016-06-18 05:00:00, ALL [DataCenter.cpp:824]
2025-03-21T09:06:26.794 TRACE [INITIALIZE] Output Info of subbasin: 0: SOLST: SUM-AVE, 2016-06-17 -- 2016-06-18 05:00:00, ALL [DataCenter.cpp:824]
2025-03-21T09:06:26.794 TRACE [INITIALIZE] Output Info of subbasin: 0: SURU: SUM-AVE, 2016-06-17 -- 2016-06-18 05:00:00, ALL [DataCenter.cpp:824]
2025-03-21T09:06:26.795 TRACE [INITIALIZE] Output Info of subbasin: 0: DPST: SUM, 2016-06-17 -- 2016-06-18 05:00:00, ALL [DataCenter.cpp:824]
2025-03-21T09:06:26.795 TRACE [INITIALIZE] Output Info of subbasin: 0: DEET: SUM, 2016-06-17 -- 2016-06-18 05:00:00, ALL [DataCenter.cpp:824]
2025-03-21T09:06:26.795 TRACE [INITIALIZE] Output Info of subbasin: 0: USLE_L: MAX, 2016-06-17 -- 2016-06-18 05:00:00, ALL [DataCenter.cpp:824]
2025-03-21T09:06:26.795 TRACE [INITIALIZE] Output Info of subbasin: 0: USLE_S: MAX, 2016-06-17 -- 2016-06-18 05:00:00, ALL [DataCenter.cpp:824]
2025-03-21T09:06:26.795 TRACE [INITIALIZE] Output Info of subbasin: 0: USLE_C: SUM-AVE-MAX-MIN, 2016-06-17 -- 2016-06-18 05:00:00, ALL [DataCenter.cpp:824]
2025-03-21T09:06:26.796 TRACE [INITIALIZE] Output Info of subbasin: 0: SOER: SUM-AVE, 2016-06-17 -- 2016-06-18 05:00:00, ALL [DataCenter.cpp:824]
2025-03-21T09:06:26.796 TRACE [INITIALIZE] Output Info of subbasin: 0: SEDTOCH: NONE, 2016-06-17 -- 2016-06-18 05:00:00, OUTLET [DataCenter.cpp:824]
2025-03-21T09:06:26.797 TRACE [INITIALIZE] Output Info of subbasin: 0: SED_OL: SUM-AVE, 2016-06-17 -- 2016-06-18 05:00:00, ALL [DataCenter.cpp:824]
2025-03-21T09:06:26.797 TRACE [INITIALIZE] Output Info of subbasin: 0: SOL_COV: SUM-AVE, 2016-06-17 -- 2016-06-18 05:00:00, ALL [DataCenter.cpp:824]
2025-03-21T09:06:26.797 TRACE [INITIALIZE] Output Info of subbasin: 0: LAIDAY: SUM-AVE, 2016-06-17 -- 2016-06-18 05:00:00, ALL [DataCenter.cpp:824]
2025-03-21T09:06:26.797 TRACE [INITIALIZE] Output Info of subbasin: 0: BIOMASS: AVE-SUM, 2016-06-17 -- 2016-06-18 05:00:00, ALL [DataCenter.cpp:824]
2025-03-21T09:06:26.797 TRACE [INITIALIZE] Output Info of subbasin: 0: SBIF: NONE, 2016-06-17 -- 2016-06-18 05:00:00, OUTLET [DataCenter.cpp:824]
2025-03-21T09:06:26.798 TRACE [INITIALIZE] Output Info of subbasin: 0: QRECH: NONE, 2016-06-17 -- 2016-06-18 05:00:00, OUTLET [DataCenter.cpp:824]
2025-03-21T09:06:26.798 TRACE [INITIALIZE] Output Info of subbasin: 0: QSUBBASIN: NONE, 2016-06-17 -- 2016-06-18 05:00:00, OUTLET [DataCenter.cpp:824]
2025-03-21T09:06:26.798 TRACE [INITIALIZE] Output Info of subbasin: 0: QSOIL: SUM, 2016-06-17 -- 2016-06-18 05:00:00, ALL [DataCenter.cpp:824]
2025-03-21T09:06:26.798 TRACE [INITIALIZE] Output Info of subbasin: 0: QOVERLAND: SUM, 2016-06-17 -- 2016-06-18 05:00:00, ALL [DataCenter.cpp:824]
2025-03-21T09:06:26.799 TRACE [INITIALIZE] Output Info of subbasin: 0: SEDRECH: NONE, 2016-06-17 -- 2016-06-18 05:00:00, OUTLET [DataCenter.cpp:824]
2025-03-21T09:06:26.799 TRACE [INITIALIZE] Output Info of subbasin: 0: SEDRECHConc: NONE, 2016-06-17 -- 2016-06-18 05:00:00, OUTLET [DataCenter.cpp:824]
2025-03-21T09:06:26.799 TRACE [INITIALIZE] Output Info of subbasin: 0: SBQG: NONE, 2016-06-17 -- 2016-06-18 05:00:00, OUTLET [DataCenter.cpp:824]
2025-03-21T09:06:26.799 TRACE [INITIALIZE] Output Info of subbasin: 0: SBGS: NONE, 2016-06-17 -- 2016-06-18 05:00:00, OUTLET [DataCenter.cpp:824]
2025-03-21T09:06:26.799 TRACE [INITIALIZE] Output Info of subbasin: 0: GWWB: NONE, 2016-06-17 -- 2016-06-18 05:00:00, OUTLET [DataCenter.cpp:824]
2025-03-21T09:06:26.801 TRACE [INITIALIZE] Output Info of subbasin: 0: SBOF: NONE, 2016-06-17 -- 2016-06-18 05:00:00, OUTLET [DataCenter.cpp:824]
2025-03-21T09:06:26.801 TRACE [INITIALIZE] Output Info of subbasin: 0: QS: NONE, 2016-06-17 -- 2016-06-18 05:00:00, OUTLET [DataCenter.cpp:824]
2025-03-21T09:06:26.801 TRACE [INITIALIZE] Output Info of subbasin: 0: QI: NONE, 2016-06-17 -- 2016-06-18 05:00:00, OUTLET [DataCenter.cpp:824]
2025-03-21T09:06:26.801 TRACE [INITIALIZE] Output Info of subbasin: 0: QG: NONE, 2016-06-17 -- 2016-06-18 05:00:00, OUTLET [DataCenter.cpp:824]
2025-03-21T09:06:26.801 TRACE [INITIALIZE] Output Info of subbasin: 0: CHST: NONE, 2016-06-17 -- 2016-06-18 05:00:00, OUTLET [DataCenter.cpp:824]
2025-03-21T09:06:26.801 TRACE [INITIALIZE] Output Info of subbasin: 0: CHWTRDEPTH: NONE, 2016-06-17 -- 2016-06-18 05:00:00, OUTLET [DataCenter.cpp:824]
2025-03-21T09:06:26.802 TRACE [INITIALIZE] Output Info of subbasin: 0: CHWTRWIDTH: NONE, 2016-06-17 -- 2016-06-18 05:00:00, OUTLET [DataCenter.cpp:824]
2025-03-21T09:06:26.809 TRACE [INITIALIZE] ReadClimateSiteList: { "SUBBASINID" : 0, "MODE" : "STORM" } [DataCenterMongoDB.cpp:319]
2025-03-21T09:06:26.818 TRACE [INITIALIZE] Query Regular measurement data: filter: { "STATIONID" : { "$in" : [ 58911 ] }, "TYPE" : "TMEAN", "UTCDATETIME" : { "$gte" : { "$date" : 1466139600000 }, "$lte" : { "$date" : 1466226000000 } } } [RegularMeasurement.cpp:63]
2025-03-21T09:06:26.822 TRACE [INITIALIZE] Query Regular measurement data: opts: { "sort" : { "STATIONID" : 1, "UTCDATETIME" : 1 } } [RegularMeasurement.cpp:64]
2025-03-21T09:06:26.851 TRACE [INITIALIZE] ReadSitesInfo: { "STATIONID" : { "$in" : [ 58911 ] }, "TYPE" : "M" } [InputStation.cpp:95]
2025-03-21T09:06:26.853 TRACE [INITIALIZE] Query Regular measurement data: filter: { "STATIONID" : { "$in" : [ 58911 ] }, "TYPE" : "TMAX", "UTCDATETIME" : { "$gte" : { "$date" : 1466139600000 }, "$lte" : { "$date" : 1466226000000 } } } [RegularMeasurement.cpp:63]
2025-03-21T09:06:26.853 TRACE [INITIALIZE] Query Regular measurement data: opts: { "sort" : { "STATIONID" : 1, "UTCDATETIME" : 1 } } [RegularMeasurement.cpp:64]
2025-03-21T09:06:26.906 TRACE [INITIALIZE] Query Regular measurement data: filter: { "STATIONID" : { "$in" : [ 58911 ] }, "TYPE" : "TMIN", "UTCDATETIME" : { "$gte" : { "$date" : 1466139600000 }, "$lte" : { "$date" : 1466226000000 } } } [RegularMeasurement.cpp:63]
2025-03-21T09:06:26.907 TRACE [INITIALIZE] Query Regular measurement data: opts: { "sort" : { "STATIONID" : 1, "UTCDATETIME" : 1 } } [RegularMeasurement.cpp:64]
2025-03-21T09:06:27.035 TRACE [INITIALIZE] Query Regular measurement data: filter: { "STATIONID" : { "$in" : [ 58911 ] }, "TYPE" : "SR", "UTCDATETIME" : { "$gte" : { "$date" : 1466139600000 }, "$lte" : { "$date" : 1466226000000 } } } [RegularMeasurement.cpp:63]
2025-03-21T09:06:27.036 TRACE [INITIALIZE] Query Regular measurement data: opts: { "sort" : { "STATIONID" : 1, "UTCDATETIME" : 1 } } [RegularMeasurement.cpp:64]
2025-03-21T09:06:27.160 TRACE [INITIALIZE] Query Regular measurement data: filter: { "STATIONID" : { "$in" : [ 58911 ] }, "TYPE" : "WS", "UTCDATETIME" : { "$gte" : { "$date" : 1466139600000 }, "$lte" : { "$date" : 1466226000000 } } } [RegularMeasurement.cpp:63]
2025-03-21T09:06:27.161 TRACE [INITIALIZE] Query Regular measurement data: opts: { "sort" : { "STATIONID" : 1, "UTCDATETIME" : 1 } } [RegularMeasurement.cpp:64]
2025-03-21T09:06:27.209 TRACE [INITIALIZE] Query Regular measurement data: filter: { "STATIONID" : { "$in" : [ 58911 ] }, "TYPE" : "RM", "UTCDATETIME" : { "$gte" : { "$date" : 1466139600000 }, "$lte" : { "$date" : 1466226000000 } } } [RegularMeasurement.cpp:63]
2025-03-21T09:06:27.209 TRACE [INITIALIZE] Query Regular measurement data: opts: { "sort" : { "STATIONID" : 1, "UTCDATETIME" : 1 } } [RegularMeasurement.cpp:64]
2025-03-21T09:06:27.269 TRACE [INITIALIZE] Query Regular measurement data: filter: { "STATIONID" : { "$in" : [ 81502750 ] }, "TYPE" : "P", "UTCDATETIME" : { "$gte" : { "$date" : 1466139600000 }, "$lte" : { "$date" : 1466226000000 } } } [RegularMeasurement.cpp:63]
2025-03-21T09:06:27.273 TRACE [INITIALIZE] Query Regular measurement data: opts: { "sort" : { "STATIONID" : 1, "UTCDATETIME" : 1 } } [RegularMeasurement.cpp:64]
2025-03-21T09:06:27.350 TRACE [INITIALIZE] ReadSitesInfo: { "STATIONID" : { "$in" : [ 81502750 ] }, "TYPE" : "P", "TYPE" : { "$in" : [ "P", "M" ] } } [InputStation.cpp:95]
2025-03-21T09:06:27.539 TRACE [INITIALIZE] Set WEIGHT: 0_WEIGHT_P done, TIMESPAN 0.0529126 sec. [DataCenter.cpp:498]
2025-03-21T09:06:27.543 TRACE [INITIALIZE] Set DEM: 0_DEM done, TIMESPAN 0.0035821 sec. [DataCenter.cpp:498]
2025-03-21T09:06:27.544 TRACE [INITIALIZE] Set STATIONELEVATION_P: 0_STATIONELEVATION_P done, TIMESPAN 0.0001725 sec. [DataCenter.cpp:498]
2025-03-21T09:06:27.544 TRACE [INITIALIZE] Set LAPSERATE: 0_LAPSERATE done, TIMESPAN 0.0001457 sec. [DataCenter.cpp:498]
2025-03-21T09:06:27.544 TRACE [INITIALIZE] Set DATATYPE: 0_DATATYPE done, TIMESPAN 5.6e-05 sec. [DataCenter.cpp:559]
2025-03-21T09:06:27.582 TRACE [INITIALIZE] Set WEIGHT: 0_WEIGHT_M done, TIMESPAN 0.0372709 sec. [DataCenter.cpp:498]
2025-03-21T09:06:27.582 TRACE [INITIALIZE] Set DEM: 0_DEM done, TIMESPAN 7.14e-05 sec. [DataCenter.cpp:498]
2025-03-21T09:06:27.583 TRACE [INITIALIZE] Set STATIONELEVATION_M: 0_STATIONELEVATION_M done, TIMESPAN 0.000158 sec. [DataCenter.cpp:498]
2025-03-21T09:06:27.583 TRACE [INITIALIZE] Set LAPSERATE: 0_LAPSERATE done, TIMESPAN 5.64e-05 sec. [DataCenter.cpp:498]
2025-03-21T09:06:27.583 TRACE [INITIALIZE] Set DATATYPE: 0_DATATYPE done, TIMESPAN 5.6e-05 sec. [DataCenter.cpp:559]
2025-03-21T09:06:27.583 TRACE [INITIALIZE] Set WEIGHT: 0_WEIGHT_M done, TIMESPAN 6.86e-05 sec. [DataCenter.cpp:498]
2025-03-21T09:06:27.583 TRACE [INITIALIZE] Set DEM: 0_DEM done, TIMESPAN 7.34e-05 sec. [DataCenter.cpp:498]
2025-03-21T09:06:27.584 TRACE [INITIALIZE] Set STATIONELEVATION_M: 0_STATIONELEVATION_M done, TIMESPAN 6.04e-05 sec. [DataCenter.cpp:498]
2025-03-21T09:06:27.584 TRACE [INITIALIZE] Set LAPSERATE: 0_LAPSERATE done, TIMESPAN 6.1e-05 sec. [DataCenter.cpp:498]
2025-03-21T09:06:27.584 TRACE [INITIALIZE] Set DATATYPE: 0_DATATYPE done, TIMESPAN 5.93e-05 sec. [DataCenter.cpp:559]
2025-03-21T09:06:27.585 TRACE [INITIALIZE] Set WEIGHT: 0_WEIGHT_M done, TIMESPAN 6.33e-05 sec. [DataCenter.cpp:498]
2025-03-21T09:06:27.585 TRACE [INITIALIZE] Set DEM: 0_DEM done, TIMESPAN 4.51e-05 sec. [DataCenter.cpp:498]
2025-03-21T09:06:27.585 TRACE [INITIALIZE] Set STATIONELEVATION_M: 0_STATIONELEVATION_M done, TIMESPAN 6.09e-05 sec. [DataCenter.cpp:498]
2025-03-21T09:06:27.585 TRACE [INITIALIZE] Set LAPSERATE: 0_LAPSERATE done, TIMESPAN 9.26e-05 sec. [DataCenter.cpp:498]
2025-03-21T09:06:27.586 TRACE [INITIALIZE] Set DATATYPE: 0_DATATYPE done, TIMESPAN 3.69e-05 sec. [DataCenter.cpp:559]
2025-03-21T09:06:27.586 TRACE [INITIALIZE] Set WEIGHT: 0_WEIGHT_M done, TIMESPAN 7.86e-05 sec. [DataCenter.cpp:498]
2025-03-21T09:06:27.586 TRACE [INITIALIZE] Set DEM: 0_DEM done, TIMESPAN 5.31e-05 sec. [DataCenter.cpp:498]
2025-03-21T09:06:27.586 TRACE [INITIALIZE] Set STATIONELEVATION_M: 0_STATIONELEVATION_M done, TIMESPAN 6.53e-05 sec. [DataCenter.cpp:498]
2025-03-21T09:06:27.586 TRACE [INITIALIZE] Set LAPSERATE: 0_LAPSERATE done, TIMESPAN 6.12e-05 sec. [DataCenter.cpp:498]
2025-03-21T09:06:27.587 TRACE [INITIALIZE] Set DATATYPE: 0_DATATYPE done, TIMESPAN 7.41e-05 sec. [DataCenter.cpp:559]
2025-03-21T09:06:27.588 TRACE [INITIALIZE] Set WEIGHT: 0_WEIGHT_M done, TIMESPAN 0.000187 sec. [DataCenter.cpp:498]
2025-03-21T09:06:27.588 TRACE [INITIALIZE] Set DEM: 0_DEM done, TIMESPAN 8.7e-05 sec. [DataCenter.cpp:498]
2025-03-21T09:06:27.589 TRACE [INITIALIZE] Set STATIONELEVATION_M: 0_STATIONELEVATION_M done, TIMESPAN 0.0001126 sec. [DataCenter.cpp:498]
2025-03-21T09:06:27.589 TRACE [INITIALIZE] Set LAPSERATE: 0_LAPSERATE done, TIMESPAN 9.83e-05 sec. [DataCenter.cpp:498]
2025-03-21T09:06:27.589 TRACE [INITIALIZE] Set DATATYPE: 0_DATATYPE done, TIMESPAN 7.09e-05 sec. [DataCenter.cpp:559]
2025-03-21T09:06:27.590 TRACE [INITIALIZE] Set WEIGHT: 0_WEIGHT_M done, TIMESPAN 0.0001935 sec. [DataCenter.cpp:498]
2025-03-21T09:06:27.590 TRACE [INITIALIZE] Set DEM: 0_DEM done, TIMESPAN 7.68e-05 sec. [DataCenter.cpp:498]
2025-03-21T09:06:27.591 TRACE [INITIALIZE] Set STATIONELEVATION_M: 0_STATIONELEVATION_M done, TIMESPAN 0.0001109 sec. [DataCenter.cpp:498]
2025-03-21T09:06:27.591 TRACE [INITIALIZE] Set LAPSERATE: 0_LAPSERATE done, TIMESPAN 8.05e-05 sec. [DataCenter.cpp:498]
2025-03-21T09:06:27.591 TRACE [INITIALIZE] Set DATATYPE: 0_DATATYPE done, TIMESPAN 7.28e-05 sec. [DataCenter.cpp:559]
2025-03-21T09:06:27.591 TRACE [INITIALIZE] Set SLOPE: 0_SLOPE done, TIMESPAN 0.0001438 sec. [DataCenter.cpp:498]
2025-03-21T09:06:27.595 TRACE [INITIALIZE] Set INTERC_MAX: 0_INTERC_MAX done, TIMESPAN 0.0034291 sec. [DataCenter.cpp:498]
2025-03-21T09:06:27.598 TRACE [INITIALIZE] Set INTERC_MIN: 0_INTERC_MIN done, TIMESPAN 0.0024115 sec. [DataCenter.cpp:498]
2025-03-21T09:06:27.599 TRACE [INITIALIZE] Set PI_B: 0_PI_B done, TIMESPAN 0.0001551 sec. [DataCenter.cpp:498]
2025-03-21T09:06:27.599 TRACE [INITIALIZE] Set INIT_IS: 0_INIT_IS done, TIMESPAN 0.0001145 sec. [DataCenter.cpp:498]
2025-03-21T09:06:27.599 TRACE [INITIALIZE] Set DT_HS: 0_DT_HS done, TIMESPAN 9.66e-05 sec. [DataCenter.cpp:559]
2025-03-21T09:06:27.599 TRACE [INITIALIZE] Set LANDUSE: 0_LANDUSE done, TIMESPAN 7.21e-05 sec. [DataCenter.cpp:559]
2025-03-21T09:06:27.605 TRACE [INITIALIZE] Set POROSITY: 0_POROSITY done, TIMESPAN 0.0056569 sec. [DataCenter.cpp:498]
2025-03-21T09:06:27.610 TRACE [INITIALIZE] Set SOILDEPTH: 0_SOILDEPTH done, TIMESPAN 0.0047164 sec. [DataCenter.cpp:498]
2025-03-21T09:06:27.616 TRACE [INITIALIZE] Set CLAY: 0_CLAY done, TIMESPAN 0.0044195 sec. [DataCenter.cpp:498]
2025-03-21T09:06:27.620 TRACE [INITIALIZE] Set SAND: 0_SAND done, TIMESPAN 0.0036112 sec. [DataCenter.cpp:498]
2025-03-21T09:06:27.625 TRACE [INITIALIZE] Set CONDUCTIVITY: 0_CONDUCTIVITY done, TIMESPAN 0.0045093 sec. [DataCenter.cpp:498]
2025-03-21T09:06:27.629 TRACE [INITIALIZE] Set MOIST_IN: 0_MOIST_IN done, TIMESPAN 0.0040565 sec. [DataCenter.cpp:498]
2025-03-21T09:06:27.633 TRACE [INITIALIZE] Set FIELDCAP: 0_FIELDCAP done, TIMESPAN 0.0037785 sec. [DataCenter.cpp:498]
2025-03-21T09:06:27.634 TRACE [INITIALIZE] Set DT_HS: 0_DT_HS done, TIMESPAN 0.0001193 sec. [DataCenter.cpp:559]
2025-03-21T09:06:27.637 TRACE [INITIALIZE] Set SOILLAYERS: 0_SOILLAYERS done, TIMESPAN 0.0033478 sec. [DataCenter.cpp:559]
2025-03-21T09:06:27.638 TRACE [INITIALIZE] Set DEPRE_IN: 0_DEPRE_IN done, TIMESPAN 0.0002118 sec. [DataCenter.cpp:498]
2025-03-21T09:06:27.642 TRACE [INITIALIZE] Set DEPRESSION: 0_DEPRESSION done, TIMESPAN 0.0030558 sec. [DataCenter.cpp:498]
2025-03-21T09:06:27.642 TRACE [INITIALIZE] Set CELLWIDTH: 0_CELLWIDTH done, TIMESPAN 0.0001401 sec. [DataCenter.cpp:498]
2025-03-21T09:06:27.643 TRACE [INITIALIZE] Set SLOPE: 0_SLOPE done, TIMESPAN 7.84e-05 sec. [DataCenter.cpp:498]
2025-03-21T09:06:27.645 TRACE [INITIALIZE] Set CH_WIDTH: 0_CH_WIDTH done, TIMESPAN 0.0024472 sec. [DataCenter.cpp:498]
2025-03-21T09:06:27.647 TRACE [INITIALIZE] Set MANNING: 0_MANNING done, TIMESPAN 0.0020779 sec. [DataCenter.cpp:498]
2025-03-21T09:06:27.649 TRACE [INITIALIZE] Set FLOW_DIR: 0_FLOW_DIR done, TIMESPAN 0.0019395 sec. [DataCenter.cpp:498]
2025-03-21T09:06:27.650 TRACE [INITIALIZE] Set DT_HS: 0_DT_HS done, TIMESPAN 9.75e-05 sec. [DataCenter.cpp:559]
2025-03-21T09:06:27.650 TRACE [INITIALIZE] Set CELLSIZE: 0_CELLSIZE done, TIMESPAN 8.9e-05 sec. [DataCenter.cpp:559]
2025-03-21T09:06:27.652 TRACE [INITIALIZE] Set STREAM_LINK: 0_STREAM_LINK done, TIMESPAN 0.0020587 sec. [DataCenter.cpp:559]
2025-03-21T09:06:27.654 TRACE [INITIALIZE] Set FLOWIN_INDEX: 0_FLOWIN_INDEX done, TIMESPAN 0.0013173 sec. [DataCenter.cpp:559]
2025-03-21T09:06:27.655 TRACE [INITIALIZE] Set ROUTING_LAYERS: 0_ROUTING_LAYERS done, TIMESPAN 0.0010551 sec. [DataCenter.cpp:559]
2025-03-21T09:06:27.657 TRACE [INITIALIZE] Set FLOWOUT_INDEX: 0_FLOWOUT_INDEX done, TIMESPAN 0.0016881 sec. [DataCenter.cpp:559]
2025-03-21T09:06:27.657 TRACE [INITIALIZE] Set CELLWIDTH: 0_CELLWIDTH done, TIMESPAN 0.0001673 sec. [DataCenter.cpp:498]
2025-03-21T09:06:27.657 TRACE [INITIALIZE] Set CONDUCTIVITY: 0_CONDUCTIVITY done, TIMESPAN 8.52e-05 sec. [DataCenter.cpp:498]
2025-03-21T09:06:27.658 TRACE [INITIALIZE] Set POROSITY: 0_POROSITY done, TIMESPAN 8.24e-05 sec. [DataCenter.cpp:498]
2025-03-21T09:06:27.662 TRACE [INITIALIZE] Set POREINDEX: 0_POREINDEX done, TIMESPAN 0.0032344 sec. [DataCenter.cpp:498]
2025-03-21T09:06:27.663 TRACE [INITIALIZE] Set FIELDCAP: 0_FIELDCAP done, TIMESPAN 0.0001041 sec. [DataCenter.cpp:498]
2025-03-21T09:06:27.663 TRACE [INITIALIZE] Set SOILDEPTH: 0_SOILDEPTH done, TIMESPAN 0.0001364 sec. [DataCenter.cpp:498]
2025-03-21T09:06:27.663 TRACE [INITIALIZE] Set DT_HS: 0_DT_HS done, TIMESPAN 9.29e-05 sec. [DataCenter.cpp:559]
2025-03-21T09:06:27.664 TRACE [INITIALIZE] Set CELLSIZE: 0_CELLSIZE done, TIMESPAN 8.38e-05 sec. [DataCenter.cpp:559]
2025-03-21T09:06:27.664 TRACE [INITIALIZE] Set CELLWIDTH: 0_CELLWIDTH done, TIMESPAN 0.0001569 sec. [DataCenter.cpp:498]
2025-03-21T09:06:27.666 TRACE [INITIALIZE] Set SLOPE: 0_SLOPE done, TIMESPAN 0.000185 sec. [DataCenter.cpp:498]
2025-03-21T09:06:27.666 TRACE [INITIALIZE] Set CH_WIDTH: 0_CH_WIDTH done, TIMESPAN 9e-05 sec. [DataCenter.cpp:498]
2025-03-21T09:06:27.666 TRACE [INITIALIZE] Set SOILDEPTH: 0_SOILDEPTH done, TIMESPAN 8.14e-05 sec. [DataCenter.cpp:498]
2025-03-21T09:06:27.666 TRACE [INITIALIZE] Set CONDUCTIVITY: 0_CONDUCTIVITY done, TIMESPAN 0.0001365 sec. [DataCenter.cpp:498]
2025-03-21T09:06:27.667 TRACE [INITIALIZE] Set POROSITY: 0_POROSITY done, TIMESPAN 9.9e-05 sec. [DataCenter.cpp:498]
2025-03-21T09:06:27.667 TRACE [INITIALIZE] Set POREINDEX: 0_POREINDEX done, TIMESPAN 9.89e-05 sec. [DataCenter.cpp:498]
2025-03-21T09:06:27.668 TRACE [INITIALIZE] Set FIELDCAP: 0_FIELDCAP done, TIMESPAN 0.0001006 sec. [DataCenter.cpp:498]
2025-03-21T09:06:27.668 TRACE [INITIALIZE] Set KI: 0_KI done, TIMESPAN 0.0001256 sec. [DataCenter.cpp:498]
2025-03-21T09:06:27.668 TRACE [INITIALIZE] Set DT_HS: 0_DT_HS done, TIMESPAN 0.0001031 sec. [DataCenter.cpp:559]
2025-03-21T09:06:27.668 TRACE [INITIALIZE] Set STREAM_LINK: 0_STREAM_LINK done, TIMESPAN 7.67e-05 sec. [DataCenter.cpp:559]
2025-03-21T09:06:27.668 TRACE [INITIALIZE] Set FLOWIN_INDEX: 0_FLOWIN_INDEX done, TIMESPAN 0.0001105 sec. [DataCenter.cpp:559]
2025-03-21T09:06:27.669 TRACE [INITIALIZE] Set ROUTING_LAYERS: 0_ROUTING_LAYERS done, TIMESPAN 8.24e-05 sec. [DataCenter.cpp:559]
2025-03-21T09:06:27.783 TRACE [INITIALIZE] Set SUBBASIN: 0_SUBBASIN done, TIMESPAN 0.113546 sec. [DataCenter.cpp:498]
2025-03-21T09:06:27.783 TRACE [INITIALIZE] Set REACHPARAM: 0_REACHPARAM done, TIMESPAN 9.22e-05 sec. [DataCenter.cpp:498]
2025-03-21T09:06:27.783 TRACE [INITIALIZE] Set CELLWIDTH: 0_CELLWIDTH done, TIMESPAN 9.94e-05 sec. [DataCenter.cpp:498]
2025-03-21T09:06:27.784 TRACE [INITIALIZE] Set KG: 0_KG done, TIMESPAN 0.0001505 sec. [DataCenter.cpp:498]
2025-03-21T09:06:27.784 TRACE [INITIALIZE] Set BASE_EX: 0_BASE_EX done, TIMESPAN 0.0001486 sec. [DataCenter.cpp:498]
2025-03-21T09:06:27.784 TRACE [INITIALIZE] Set GW0: 0_GW0 done, TIMESPAN 0.000148 sec. [DataCenter.cpp:498]
2025-03-21T09:06:27.784 TRACE [INITIALIZE] Set GWMAX: 0_GWMAX done, TIMESPAN 0.0001505 sec. [DataCenter.cpp:498]
2025-03-21T09:06:27.786 TRACE [INITIALIZE] Set SUBBASINID: 0_SUBBASINID done, TIMESPAN 0.0001026 sec. [DataCenter.cpp:559]
2025-03-21T09:06:27.786 TRACE [INITIALIZE] Set DT_HS: 0_DT_HS done, TIMESPAN 0.0001167 sec. [DataCenter.cpp:559]
2025-03-21T09:06:27.786 TRACE [INITIALIZE] Set CELLWIDTH: 0_CELLWIDTH done, TIMESPAN 0.000141 sec. [DataCenter.cpp:498]
2025-03-21T09:06:27.787 TRACE [INITIALIZE] Set DEM: 0_DEM done, TIMESPAN 0.0001078 sec. [DataCenter.cpp:498]
2025-03-21T09:06:27.787 TRACE [INITIALIZE] Set SLOPE: 0_SLOPE done, TIMESPAN 9.63e-05 sec. [DataCenter.cpp:498]
2025-03-21T09:06:27.787 TRACE [INITIALIZE] Set FLOW_DIR: 0_FLOW_DIR done, TIMESPAN 9.78e-05 sec. [DataCenter.cpp:498]
2025-03-21T09:06:27.787 TRACE [INITIALIZE] Set CH_WIDTH: 0_CH_WIDTH done, TIMESPAN 0.000111 sec. [DataCenter.cpp:498]
2025-03-21T09:06:27.789 TRACE [INITIALIZE] Set REACHPARAM: 0_REACHPARAM done, TIMESPAN 0.0002202 sec. [DataCenter.cpp:498]
2025-03-21T09:06:27.789 TRACE [INITIALIZE] Set DT_HS: 0_DT_HS done, TIMESPAN 0.000101 sec. [DataCenter.cpp:559]
2025-03-21T09:06:27.789 TRACE [INITIALIZE] Set CELLSIZE: 0_CELLSIZE done, TIMESPAN 7.99e-05 sec. [DataCenter.cpp:559]
2025-03-21T09:06:27.790 TRACE [INITIALIZE] Set FLOWOUT_INDEX: 0_FLOWOUT_INDEX done, TIMESPAN 0.0001951 sec. [DataCenter.cpp:559]
2025-03-21T09:06:27.790 TRACE [INITIALIZE] Set FLOWIN_INDEX: 0_FLOWIN_INDEX done, TIMESPAN 8.98e-05 sec. [DataCenter.cpp:559]
2025-03-21T09:06:27.790 TRACE [INITIALIZE] Set STREAM_LINK: 0_STREAM_LINK done, TIMESPAN 8.16e-05 sec. [DataCenter.cpp:559]
2025-03-21T09:06:27.791 TRACE [INITIALIZE] Set CELLWIDTH: 0_CELLWIDTH done, TIMESPAN 0.0001524 sec. [DataCenter.cpp:498]
2025-03-21T09:06:27.791 TRACE [INITIALIZE] Set OMEGA: 0_OMEGA done, TIMESPAN 0.0001193 sec. [DataCenter.cpp:498]
2025-03-21T09:06:27.797 TRACE [INITIALIZE] Set USLE_K: 0_USLE_K done, TIMESPAN 0.0062154 sec. [DataCenter.cpp:498]
2025-03-21T09:06:27.803 TRACE [INITIALIZE] Set USLE_C: 0_USLE_C done, TIMESPAN 0.004198 sec. [DataCenter.cpp:498]
2025-03-21T09:06:27.803 TRACE [INITIALIZE] Set SLOPE: 0_SLOPE done, TIMESPAN 0.000106 sec. [DataCenter.cpp:498]
2025-03-21T09:06:27.803 TRACE [INITIALIZE] Set CELLSIZE: 0_CELLSIZE done, TIMESPAN 7.77e-05 sec. [DataCenter.cpp:559]
2025-03-21T09:06:27.804 TRACE [INITIALIZE] Set DT_HS: 0_DT_HS done, TIMESPAN 0.0001023 sec. [DataCenter.cpp:559]
2025-03-21T09:06:27.804 TRACE [INITIALIZE] Set CELLWIDTH: 0_CELLWIDTH done, TIMESPAN 0.0001465 sec. [DataCenter.cpp:498]
2025-03-21T09:06:27.804 TRACE [INITIALIZE] Set ECO1: 0_ECO1 done, TIMESPAN 0.0001475 sec. [DataCenter.cpp:498]
2025-03-21T09:06:27.805 TRACE [INITIALIZE] Set ECO2: 0_ECO2 done, TIMESPAN 0.0001246 sec. [DataCenter.cpp:498]
2025-03-21T09:06:27.805 TRACE [INITIALIZE] Set CCOE: 0_CCOE done, TIMESPAN 0.0001587 sec. [DataCenter.cpp:498]
2025-03-21T09:06:27.805 TRACE [INITIALIZE] Set SLOPE: 0_SLOPE done, TIMESPAN 0.0001365 sec. [DataCenter.cpp:498]
2025-03-21T09:06:27.805 TRACE [INITIALIZE] Set USLE_K: 0_USLE_K done, TIMESPAN 8.56e-05 sec. [DataCenter.cpp:498]
2025-03-21T09:06:27.806 TRACE [INITIALIZE] Set USLE_C: 0_USLE_C done, TIMESPAN 0.0001157 sec. [DataCenter.cpp:498]
2025-03-21T09:06:27.806 TRACE [INITIALIZE] Set MANNING: 0_MANNING done, TIMESPAN 0.0001138 sec. [DataCenter.cpp:498]
2025-03-21T09:06:27.807 TRACE [INITIALIZE] Set CH_WIDTH: 0_CH_WIDTH done, TIMESPAN 0.0001098 sec. [DataCenter.cpp:498]
2025-03-21T09:06:27.807 TRACE [INITIALIZE] Set CELLSIZE: 0_CELLSIZE done, TIMESPAN 8.08e-05 sec. [DataCenter.cpp:559]
2025-03-21T09:06:27.807 TRACE [INITIALIZE] Set DT_HS: 0_DT_HS done, TIMESPAN 0.0001057 sec. [DataCenter.cpp:559]
2025-03-21T09:06:27.807 TRACE [INITIALIZE] Set STREAM_LINK: 0_STREAM_LINK done, TIMESPAN 7.69e-05 sec. [DataCenter.cpp:559]
2025-03-21T09:06:27.808 TRACE [INITIALIZE] Set FLOWIN_INDEX: 0_FLOWIN_INDEX done, TIMESPAN 0.0001067 sec. [DataCenter.cpp:559]
2025-03-21T09:06:27.808 TRACE [INITIALIZE] Set ROUTING_LAYERS: 0_ROUTING_LAYERS done, TIMESPAN 7.77e-05 sec. [DataCenter.cpp:559]
2025-03-21T09:06:27.808 TRACE [INITIALIZE] Set CELLWIDTH: 0_CELLWIDTH done, TIMESPAN 0.0001468 sec. [DataCenter.cpp:498]
2025-03-21T09:06:27.809 TRACE [INITIALIZE] Set CHTCCO: 0_CHTCCO done, TIMESPAN 0.0001293 sec. [DataCenter.cpp:498]
2025-03-21T09:06:27.809 TRACE [INITIALIZE] Set CHDETCO: 0_CHDETCO done, TIMESPAN 0.0001087 sec. [DataCenter.cpp:498]
2025-03-21T09:06:27.809 TRACE [INITIALIZE] Set CH_WIDTH: 0_CH_WIDTH done, TIMESPAN 9.47e-05 sec. [DataCenter.cpp:498]
2025-03-21T09:06:27.809 TRACE [INITIALIZE] Set SLOPE: 0_SLOPE done, TIMESPAN 9.1e-05 sec. [DataCenter.cpp:498]
2025-03-21T09:06:27.811 TRACE [INITIALIZE] Set USLE_K: 0_USLE_K done, TIMESPAN 0.0001201 sec. [DataCenter.cpp:498]
2025-03-21T09:06:27.811 TRACE [INITIALIZE] Set REACHPARAM: 0_REACHPARAM done, TIMESPAN 0.0002251 sec. [DataCenter.cpp:498]
2025-03-21T09:06:27.811 TRACE [INITIALIZE] Set CELLSIZE: 0_CELLSIZE done, TIMESPAN 8.15e-05 sec. [DataCenter.cpp:559]
2025-03-21T09:06:27.811 TRACE [INITIALIZE] Set DT_HS: 0_DT_HS done, TIMESPAN 9.2e-05 sec. [DataCenter.cpp:559]
2025-03-21T09:06:27.812 TRACE [INITIALIZE] Set STREAM_LINK: 0_STREAM_LINK done, TIMESPAN 8.04e-05 sec. [DataCenter.cpp:559]
2025-03-21T09:06:27.812 TRACE [INITIALIZE] Set FLOWOUT_INDEX: 0_FLOWOUT_INDEX done, TIMESPAN 9.09e-05 sec. [DataCenter.cpp:559]
2025-03-21T09:06:27.812 TRACE [INITIALIZE] Set FLOWIN_INDEX: 0_FLOWIN_INDEX done, TIMESPAN 0.0001097 sec. [DataCenter.cpp:559]
2025-03-21T09:06:27.812 TRACE [INITIALIZE] Loading data for modules, TIMESPAN 0.326907 sec. [DataCenter.cpp:437]
2025-03-21T09:06:27.813 WARN  [default] Can't find output variable for output id : BIOMASS.

2025-03-21T09:06:27.813 WARN  [default] Can't find output variable for output id : CHST.

2025-03-21T09:06:27.813 WARN  [default] Can't find output variable for output id : CHWTRDEPTH.

2025-03-21T09:06:27.815 WARN  [default] Can't find output variable for output id : CHWTRWIDTH.

2025-03-21T09:06:27.815 WARN  [default] Can't find output variable for output id : DEET.

2025-03-21T09:06:27.816 WARN  [default] Can't find output variable for output id : GWWB.

2025-03-21T09:06:27.816 WARN  [default] Can't find output variable for output id : INET.

2025-03-21T09:06:27.816 WARN  [default] Can't find output variable for output id : LAIDAY.

2025-03-21T09:06:27.817 WARN  [default] Can't find output variable for output id : PET.

2025-03-21T09:06:27.817 WARN  [default] Can't find output variable for output id : PPT.

2025-03-21T09:06:27.817 WARN  [default] Can't find output variable for output id : QG.

2025-03-21T09:06:27.819 WARN  [default] Can't find output variable for output id : QI.

2025-03-21T09:06:27.819 WARN  [default] Can't find output variable for output id : QRECH.

2025-03-21T09:06:27.820 WARN  [default] Can't find output variable for output id : QS.

2025-03-21T09:06:27.821 WARN  [default] Can't find output variable for output id : SBIF.

2025-03-21T09:06:27.821 WARN  [default] Can't find output variable for output id : SBOF.

2025-03-21T09:06:27.821 WARN  [default] Can't find output variable for output id : SEDRECH.

2025-03-21T09:06:27.823 WARN  [default] Can't find output variable for output id : SEDRECHConc.

2025-03-21T09:06:27.823 WARN  [default] Can't find output variable for output id : SED_OL.

2025-03-21T09:06:27.824 WARN  [default] Can't find output variable for output id : SOER.

2025-03-21T09:06:27.824 WARN  [default] Can't find output variable for output id : SOET.

2025-03-21T09:06:27.824 WARN  [default] Can't find output variable for output id : SOL_COV.

2025-03-21T09:06:27.825 WARN  [default] Can't find output variable for output id : USLE_C.

2025-03-21T09:06:27.826 WARN  [default] Can't find output variable for output id : USLE_L.

2025-03-21T09:06:27.826 WARN  [default] Can't find output variable for output id : USLE_S.

2025-03-21T09:06:27.826 INFO  [TIMESPAN] [IO  ][Input] 1.181
2025-03-21T09:06:27.826 DEBUG [default] Simulation year: 2016
2025-03-21T09:06:27.826 DEBUG [default] 2016-06-17 05:00:00
2025-03-21T09:06:29.494 DEBUG [default] 2016-06-17 05:02:00
2025-03-21T09:06:29.508 DEBUG [default] 2016-06-17 05:04:00
2025-03-21T09:06:29.535 DEBUG [default] 2016-06-17 05:06:00
2025-03-21T09:06:29.551 DEBUG [default] 2016-06-17 05:08:00
2025-03-21T09:06:29.566 DEBUG [default] 2016-06-17 05:10:00
2025-03-21T09:06:29.583 DEBUG [default] 2016-06-17 05:12:00
2025-03-21T09:06:29.601 DEBUG [default] 2016-06-17 05:14:00
2025-03-21T09:06:29.619 DEBUG [default] 2016-06-17 05:16:00
2025-03-21T09:06:29.639 DEBUG [default] 2016-06-17 05:18:00
2025-03-21T09:06:29.663 DEBUG [default] 2016-06-17 05:20:00
2025-03-21T09:06:29.680 DEBUG [default] 2016-06-17 05:22:00
2025-03-21T09:06:29.700 DEBUG [default] 2016-06-17 05:24:00
2025-03-21T09:06:29.721 DEBUG [default] 2016-06-17 05:26:00
2025-03-21T09:06:29.744 DEBUG [default] 2016-06-17 05:28:00
2025-03-21T09:06:29.763 DEBUG [default] 2016-06-17 05:30:00
2025-03-21T09:06:29.782 DEBUG [default] 2016-06-17 05:32:00
2025-03-21T09:06:29.804 DEBUG [default] 2016-06-17 05:34:00
2025-03-21T09:06:29.824 DEBUG [default] 2016-06-17 05:36:00
2025-03-21T09:06:29.843 DEBUG [default] 2016-06-17 05:38:00
2025-03-21T09:06:29.864 DEBUG [default] 2016-06-17 05:40:00
2025-03-21T09:06:29.886 DEBUG [default] 2016-06-17 05:42:00
2025-03-21T09:06:29.903 DEBUG [default] 2016-06-17 05:44:00
2025-03-21T09:06:29.924 DEBUG [default] 2016-06-17 05:46:00
2025-03-21T09:06:29.942 DEBUG [default] 2016-06-17 05:48:00
2025-03-21T09:06:29.961 DEBUG [default] 2016-06-17 05:50:00
2025-03-21T09:06:29.985 DEBUG [default] 2016-06-17 05:52:00
2025-03-21T09:06:30.004 DEBUG [default] 2016-06-17 05:54:00
2025-03-21T09:06:30.023 DEBUG [default] 2016-06-17 05:56:00
2025-03-21T09:06:30.047 DEBUG [default] 2016-06-17 05:58:00
2025-03-21T09:06:30.070 DEBUG [default] 2016-06-17 06:00:00
2025-03-21T09:06:30.086 DEBUG [default] 2016-06-17 06:02:00
2025-03-21T09:06:30.105 DEBUG [default] 2016-06-17 06:04:00
2025-03-21T09:06:30.128 DEBUG [default] 2016-06-17 06:06:00
2025-03-21T09:06:30.151 DEBUG [default] 2016-06-17 06:08:00
2025-03-21T09:06:30.169 DEBUG [default] 2016-06-17 06:10:00
2025-03-21T09:06:30.190 DEBUG [default] 2016-06-17 06:12:00
2025-03-21T09:06:30.209 DEBUG [default] 2016-06-17 06:14:00
2025-03-21T09:06:30.233 DEBUG [default] 2016-06-17 06:16:00
2025-03-21T09:06:30.254 DEBUG [default] 2016-06-17 06:18:00
2025-03-21T09:06:30.276 DEBUG [default] 2016-06-17 06:20:00
2025-03-21T09:06:30.294 DEBUG [default] 2016-06-17 06:22:00
2025-03-21T09:06:30.315 DEBUG [default] 2016-06-17 06:24:00
2025-03-21T09:06:30.337 DEBUG [default] 2016-06-17 06:26:00
2025-03-21T09:06:30.354 DEBUG [default] 2016-06-17 06:28:00
2025-03-21T09:06:30.374 DEBUG [default] 2016-06-17 06:30:00
2025-03-21T09:06:30.391 DEBUG [default] 2016-06-17 06:32:00
2025-03-21T09:06:30.411 DEBUG [default] 2016-06-17 06:34:00
2025-03-21T09:06:30.427 DEBUG [default] 2016-06-17 06:36:00
2025-03-21T09:06:30.454 DEBUG [default] 2016-06-17 06:38:00
2025-03-21T09:06:30.473 DEBUG [default] 2016-06-17 06:40:00
2025-03-21T09:06:30.500 DEBUG [default] 2016-06-17 06:42:00
2025-03-21T09:06:30.521 DEBUG [default] 2016-06-17 06:44:00
2025-03-21T09:06:30.547 DEBUG [default] 2016-06-17 06:46:00
2025-03-21T09:06:30.567 DEBUG [default] 2016-06-17 06:48:00
2025-03-21T09:06:30.592 DEBUG [default] 2016-06-17 06:50:00
2025-03-21T09:06:30.610 DEBUG [default] 2016-06-17 06:52:00
2025-03-21T09:06:30.630 DEBUG [default] 2016-06-17 06:54:00
2025-03-21T09:06:30.648 DEBUG [default] 2016-06-17 06:56:00
2025-03-21T09:06:30.666 DEBUG [default] 2016-06-17 06:58:00
2025-03-21T09:06:30.689 DEBUG [default] 2016-06-17 07:00:00
2025-03-21T09:06:30.706 DEBUG [default] 2016-06-17 07:02:00
2025-03-21T09:06:30.724 DEBUG [default] 2016-06-17 07:04:00
2025-03-21T09:06:30.742 DEBUG [default] 2016-06-17 07:06:00
2025-03-21T09:06:30.773 DEBUG [default] 2016-06-17 07:08:00
2025-03-21T09:06:30.792 DEBUG [default] 2016-06-17 07:10:00
2025-03-21T09:06:30.809 DEBUG [default] 2016-06-17 07:12:00
2025-03-21T09:06:30.839 DEBUG [default] 2016-06-17 07:14:00
2025-03-21T09:06:30.862 DEBUG [default] 2016-06-17 07:16:00
2025-03-21T09:06:30.892 DEBUG [default] 2016-06-17 07:18:00
2025-03-21T09:06:30.915 DEBUG [default] 2016-06-17 07:20:00
2025-03-21T09:06:30.938 DEBUG [default] 2016-06-17 07:22:00
2025-03-21T09:06:30.971 DEBUG [default] 2016-06-17 07:24:00
2025-03-21T09:06:31.029 DEBUG [default] 2016-06-17 07:26:00
2025-03-21T09:06:31.053 DEBUG [default] 2016-06-17 07:28:00
2025-03-21T09:06:31.080 DEBUG [default] 2016-06-17 07:30:00
2025-03-21T09:06:31.134 DEBUG [default] 2016-06-17 07:32:00
2025-03-21T09:06:31.171 DEBUG [default] 2016-06-17 07:34:00
2025-03-21T09:06:31.206 DEBUG [default] 2016-06-17 07:36:00
2025-03-21T09:06:31.232 DEBUG [default] 2016-06-17 07:38:00
2025-03-21T09:06:31.252 DEBUG [default] 2016-06-17 07:40:00
2025-03-21T09:06:31.271 DEBUG [default] 2016-06-17 07:42:00
2025-03-21T09:06:31.290 DEBUG [default] 2016-06-17 07:44:00
2025-03-21T09:06:31.316 DEBUG [default] 2016-06-17 07:46:00
2025-03-21T09:06:31.342 DEBUG [default] 2016-06-17 07:48:00
2025-03-21T09:06:31.372 DEBUG [default] 2016-06-17 07:50:00
2025-03-21T09:06:31.400 DEBUG [default] 2016-06-17 07:52:00
2025-03-21T09:06:31.426 DEBUG [default] 2016-06-17 07:54:00
2025-03-21T09:06:31.448 DEBUG [default] 2016-06-17 07:56:00
2025-03-21T09:06:31.468 DEBUG [default] 2016-06-17 07:58:00
2025-03-21T09:06:31.489 DEBUG [default] 2016-06-17 08:00:00
2025-03-21T09:06:31.512 DEBUG [default] 2016-06-17 08:02:00
2025-03-21T09:06:31.531 DEBUG [default] 2016-06-17 08:04:00
2025-03-21T09:06:31.546 DEBUG [default] 2016-06-17 08:06:00
2025-03-21T09:06:31.565 DEBUG [default] 2016-06-17 08:08:00
2025-03-21T09:06:31.583 DEBUG [default] 2016-06-17 08:10:00
2025-03-21T09:06:31.601 DEBUG [default] 2016-06-17 08:12:00
2025-03-21T09:06:31.618 DEBUG [default] 2016-06-17 08:14:00
2025-03-21T09:06:31.639 DEBUG [default] 2016-06-17 08:16:00
2025-03-21T09:06:31.659 DEBUG [default] 2016-06-17 08:18:00
2025-03-21T09:06:31.683 DEBUG [default] 2016-06-17 08:20:00
2025-03-21T09:06:31.707 DEBUG [default] 2016-06-17 08:22:00
2025-03-21T09:06:31.732 DEBUG [default] 2016-06-17 08:24:00
2025-03-21T09:06:31.766 DEBUG [default] 2016-06-17 08:26:00
2025-03-21T09:06:31.791 DEBUG [default] 2016-06-17 08:28:00
2025-03-21T09:06:31.823 DEBUG [default] 2016-06-17 08:30:00
2025-03-21T09:06:31.846 DEBUG [default] 2016-06-17 08:32:00
2025-03-21T09:06:31.873 DEBUG [default] 2016-06-17 08:34:00
2025-03-21T09:06:31.917 DEBUG [default] 2016-06-17 08:36:00
2025-03-21T09:06:31.943 DEBUG [default] 2016-06-17 08:38:00
2025-03-21T09:06:31.991 DEBUG [default] 2016-06-17 08:40:00
2025-03-21T09:06:32.018 DEBUG [default] 2016-06-17 08:42:00
2025-03-21T09:06:32.063 DEBUG [default] 2016-06-17 08:44:00
2025-03-21T09:06:32.108 DEBUG [default] 2016-06-17 08:46:00
2025-03-21T09:06:32.150 DEBUG [default] 2016-06-17 08:48:00
2025-03-21T09:06:32.188 DEBUG [default] 2016-06-17 08:50:00
2025-03-21T09:06:32.219 DEBUG [default] 2016-06-17 08:52:00
2025-03-21T09:06:32.238 DEBUG [default] 2016-06-17 08:54:00
2025-03-21T09:06:32.256 DEBUG [default] 2016-06-17 08:56:00
2025-03-21T09:06:32.273 DEBUG [default] 2016-06-17 08:58:00
2025-03-21T09:06:32.291 DEBUG [default] 2016-06-17 09:00:00
2025-03-21T09:06:32.309 DEBUG [default] 2016-06-17 09:02:00
2025-03-21T09:06:32.326 DEBUG [default] 2016-06-17 09:04:00
2025-03-21T09:06:32.340 DEBUG [default] 2016-06-17 09:06:00
2025-03-21T09:06:32.365 DEBUG [default] 2016-06-17 09:08:00
2025-03-21T09:06:32.380 DEBUG [default] 2016-06-17 09:10:00
2025-03-21T09:06:32.397 DEBUG [default] 2016-06-17 09:12:00
2025-03-21T09:06:32.410 DEBUG [default] 2016-06-17 09:14:00
2025-03-21T09:06:32.427 DEBUG [default] 2016-06-17 09:16:00
2025-03-21T09:06:32.443 DEBUG [default] 2016-06-17 09:18:00
2025-03-21T09:06:32.457 DEBUG [default] 2016-06-17 09:20:00
2025-03-21T09:06:32.471 DEBUG [default] 2016-06-17 09:22:00
2025-03-21T09:06:32.487 DEBUG [default] 2016-06-17 09:24:00
2025-03-21T09:06:32.501 DEBUG [default] 2016-06-17 09:26:00
2025-03-21T09:06:32.514 DEBUG [default] 2016-06-17 09:28:00
2025-03-21T09:06:32.526 DEBUG [default] 2016-06-17 09:30:00
2025-03-21T09:06:32.540 DEBUG [default] 2016-06-17 09:32:00
2025-03-21T09:06:32.555 DEBUG [default] 2016-06-17 09:34:00
2025-03-21T09:06:32.569 DEBUG [default] 2016-06-17 09:36:00
2025-03-21T09:06:32.580 DEBUG [default] 2016-06-17 09:38:00
2025-03-21T09:06:32.592 DEBUG [default] 2016-06-17 09:40:00
2025-03-21T09:06:32.605 DEBUG [default] 2016-06-17 09:42:00
2025-03-21T09:06:32.620 DEBUG [default] 2016-06-17 09:44:00
2025-03-21T09:06:32.635 DEBUG [default] 2016-06-17 09:46:00
2025-03-21T09:06:32.648 DEBUG [default] 2016-06-17 09:48:00
2025-03-21T09:06:32.662 DEBUG [default] 2016-06-17 09:50:00
2025-03-21T09:06:32.675 DEBUG [default] 2016-06-17 09:52:00
2025-03-21T09:06:32.690 DEBUG [default] 2016-06-17 09:54:00
2025-03-21T09:06:32.705 DEBUG [default] 2016-06-17 09:56:00
2025-03-21T09:06:32.718 DEBUG [default] 2016-06-17 09:58:00
2025-03-21T09:06:32.732 DEBUG [default] 2016-06-17 10:00:00
2025-03-21T09:06:32.746 DEBUG [default] 2016-06-17 10:02:00
2025-03-21T09:06:32.761 DEBUG [default] 2016-06-17 10:04:00
2025-03-21T09:06:32.775 DEBUG [default] 2016-06-17 10:06:00
2025-03-21T09:06:32.790 DEBUG [default] 2016-06-17 10:08:00
2025-03-21T09:06:32.804 DEBUG [default] 2016-06-17 10:10:00
2025-03-21T09:06:32.819 DEBUG [default] 2016-06-17 10:12:00
2025-03-21T09:06:32.835 DEBUG [default] 2016-06-17 10:14:00
2025-03-21T09:06:32.850 DEBUG [default] 2016-06-17 10:16:00
2025-03-21T09:06:32.863 DEBUG [default] 2016-06-17 10:18:00
2025-03-21T09:06:32.877 DEBUG [default] 2016-06-17 10:20:00
2025-03-21T09:06:32.893 DEBUG [default] 2016-06-17 10:22:00
2025-03-21T09:06:32.908 DEBUG [default] 2016-06-17 10:24:00
2025-03-21T09:06:32.920 DEBUG [default] 2016-06-17 10:26:00
2025-03-21T09:06:32.933 DEBUG [default] 2016-06-17 10:28:00
2025-03-21T09:06:32.946 DEBUG [default] 2016-06-17 10:30:00
2025-03-21T09:06:32.960 DEBUG [default] 2016-06-17 10:32:00
2025-03-21T09:06:32.976 DEBUG [default] 2016-06-17 10:34:00
2025-03-21T09:06:32.989 DEBUG [default] 2016-06-17 10:36:00
2025-03-21T09:06:33.003 DEBUG [default] 2016-06-17 10:38:00
2025-03-21T09:06:33.018 DEBUG [default] 2016-06-17 10:40:00
2025-03-21T09:06:33.032 DEBUG [default] 2016-06-17 10:42:00
2025-03-21T09:06:33.046 DEBUG [default] 2016-06-17 10:44:00
2025-03-21T09:06:33.060 DEBUG [default] 2016-06-17 10:46:00
2025-03-21T09:06:33.075 DEBUG [default] 2016-06-17 10:48:00
2025-03-21T09:06:33.089 DEBUG [default] 2016-06-17 10:50:00
2025-03-21T09:06:33.103 DEBUG [default] 2016-06-17 10:52:00
2025-03-21T09:06:33.117 DEBUG [default] 2016-06-17 10:54:00
2025-03-21T09:06:33.130 DEBUG [default] 2016-06-17 10:56:00
2025-03-21T09:06:33.144 DEBUG [default] 2016-06-17 10:58:00
2025-03-21T09:06:33.162 DEBUG [default] 2016-06-17 11:00:00
2025-03-21T09:06:33.176 DEBUG [default] 2016-06-17 11:02:00
2025-03-21T09:06:33.190 DEBUG [default] 2016-06-17 11:04:00
2025-03-21T09:06:33.205 DEBUG [default] 2016-06-17 11:06:00
2025-03-21T09:06:33.221 DEBUG [default] 2016-06-17 11:08:00
2025-03-21T09:06:33.235 DEBUG [default] 2016-06-17 11:10:00
2025-03-21T09:06:33.249 DEBUG [default] 2016-06-17 11:12:00
2025-03-21T09:06:33.264 DEBUG [default] 2016-06-17 11:14:00
2025-03-21T09:06:33.279 DEBUG [default] 2016-06-17 11:16:00
2025-03-21T09:06:33.294 DEBUG [default] 2016-06-17 11:18:00
2025-03-21T09:06:33.309 DEBUG [default] 2016-06-17 11:20:00
2025-03-21T09:06:33.322 DEBUG [default] 2016-06-17 11:22:00
2025-03-21T09:06:33.336 DEBUG [default] 2016-06-17 11:24:00
2025-03-21T09:06:33.351 DEBUG [default] 2016-06-17 11:26:00
2025-03-21T09:06:33.365 DEBUG [default] 2016-06-17 11:28:00
2025-03-21T09:06:33.379 DEBUG [default] 2016-06-17 11:30:00
2025-03-21T09:06:33.393 DEBUG [default] 2016-06-17 11:32:00
2025-03-21T09:06:33.407 DEBUG [default] 2016-06-17 11:34:00
2025-03-21T09:06:33.422 DEBUG [default] 2016-06-17 11:36:00
2025-03-21T09:06:33.439 DEBUG [default] 2016-06-17 11:38:00
2025-03-21T09:06:33.456 DEBUG [default] 2016-06-17 11:40:00
2025-03-21T09:06:33.469 DEBUG [default] 2016-06-17 11:42:00
2025-03-21T09:06:33.484 DEBUG [default] 2016-06-17 11:44:00
2025-03-21T09:06:33.499 DEBUG [default] 2016-06-17 11:46:00
2025-03-21T09:06:33.513 DEBUG [default] 2016-06-17 11:48:00
2025-03-21T09:06:33.528 DEBUG [default] 2016-06-17 11:50:00
2025-03-21T09:06:33.545 DEBUG [default] 2016-06-17 11:52:00
2025-03-21T09:06:33.560 DEBUG [default] 2016-06-17 11:54:00
2025-03-21T09:06:33.575 DEBUG [default] 2016-06-17 11:56:00
2025-03-21T09:06:33.587 DEBUG [default] 2016-06-17 11:58:00
2025-03-21T09:06:33.602 DEBUG [default] 2016-06-17 12:00:00
2025-03-21T09:06:33.616 DEBUG [default] 2016-06-17 12:02:00
2025-03-21T09:06:33.630 DEBUG [default] 2016-06-17 12:04:00
2025-03-21T09:06:33.644 DEBUG [default] 2016-06-17 12:06:00
2025-03-21T09:06:33.658 DEBUG [default] 2016-06-17 12:08:00
2025-03-21T09:06:33.671 DEBUG [default] 2016-06-17 12:10:00
2025-03-21T09:06:33.683 DEBUG [default] 2016-06-17 12:12:00
2025-03-21T09:06:33.697 DEBUG [default] 2016-06-17 12:14:00
2025-03-21T09:06:33.712 DEBUG [default] 2016-06-17 12:16:00
2025-03-21T09:06:33.726 DEBUG [default] 2016-06-17 12:18:00
2025-03-21T09:06:33.740 DEBUG [default] 2016-06-17 12:20:00
2025-03-21T09:06:33.753 DEBUG [default] 2016-06-17 12:22:00
2025-03-21T09:06:33.767 DEBUG [default] 2016-06-17 12:24:00
2025-03-21T09:06:33.781 DEBUG [default] 2016-06-17 12:26:00
2025-03-21T09:06:33.793 DEBUG [default] 2016-06-17 12:28:00
2025-03-21T09:06:33.809 DEBUG [default] 2016-06-17 12:30:00
2025-03-21T09:06:33.825 DEBUG [default] 2016-06-17 12:32:00
2025-03-21T09:06:33.839 DEBUG [default] 2016-06-17 12:34:00
2025-03-21T09:06:33.852 DEBUG [default] 2016-06-17 12:36:00
2025-03-21T09:06:33.865 DEBUG [default] 2016-06-17 12:38:00
2025-03-21T09:06:33.878 DEBUG [default] 2016-06-17 12:40:00
2025-03-21T09:06:33.892 DEBUG [default] 2016-06-17 12:42:00
2025-03-21T09:06:33.909 DEBUG [default] 2016-06-17 12:44:00
2025-03-21T09:06:33.921 DEBUG [default] 2016-06-17 12:46:00
2025-03-21T09:06:33.935 DEBUG [default] 2016-06-17 12:48:00
2025-03-21T09:06:33.950 DEBUG [default] 2016-06-17 12:50:00
2025-03-21T09:06:33.965 DEBUG [default] 2016-06-17 12:52:00
2025-03-21T09:06:33.978 DEBUG [default] 2016-06-17 12:54:00
2025-03-21T09:06:33.991 DEBUG [default] 2016-06-17 12:56:00
2025-03-21T09:06:34.005 DEBUG [default] 2016-06-17 12:58:00
2025-03-21T09:06:34.019 DEBUG [default] 2016-06-17 13:00:00
2025-03-21T09:06:34.031 DEBUG [default] 2016-06-17 13:02:00
2025-03-21T09:06:34.045 DEBUG [default] 2016-06-17 13:04:00
2025-03-21T09:06:34.058 DEBUG [default] 2016-06-17 13:06:00
2025-03-21T09:06:34.071 DEBUG [default] 2016-06-17 13:08:00
2025-03-21T09:06:34.085 DEBUG [default] 2016-06-17 13:10:00
2025-03-21T09:06:34.098 DEBUG [default] 2016-06-17 13:12:00
2025-03-21T09:06:34.111 DEBUG [default] 2016-06-17 13:14:00
2025-03-21T09:06:34.124 DEBUG [default] 2016-06-17 13:16:00
2025-03-21T09:06:34.139 DEBUG [default] 2016-06-17 13:18:00
2025-03-21T09:06:34.153 DEBUG [default] 2016-06-17 13:20:00
2025-03-21T09:06:34.167 DEBUG [default] 2016-06-17 13:22:00
2025-03-21T09:06:34.180 DEBUG [default] 2016-06-17 13:24:00
2025-03-21T09:06:34.194 DEBUG [default] 2016-06-17 13:26:00
2025-03-21T09:06:34.209 DEBUG [default] 2016-06-17 13:28:00
2025-03-21T09:06:34.225 DEBUG [default] 2016-06-17 13:30:00
2025-03-21T09:06:34.238 DEBUG [default] 2016-06-17 13:32:00
2025-03-21T09:06:34.252 DEBUG [default] 2016-06-17 13:34:00
2025-03-21T09:06:34.265 DEBUG [default] 2016-06-17 13:36:00
2025-03-21T09:06:34.279 DEBUG [default] 2016-06-17 13:38:00
2025-03-21T09:06:34.294 DEBUG [default] 2016-06-17 13:40:00
2025-03-21T09:06:34.307 DEBUG [default] 2016-06-17 13:42:00
2025-03-21T09:06:34.320 DEBUG [default] 2016-06-17 13:44:00
2025-03-21T09:06:34.334 DEBUG [default] 2016-06-17 13:46:00
2025-03-21T09:06:34.347 DEBUG [default] 2016-06-17 13:48:00
2025-03-21T09:06:34.360 DEBUG [default] 2016-06-17 13:50:00
2025-03-21T09:06:34.375 DEBUG [default] 2016-06-17 13:52:00
2025-03-21T09:06:34.388 DEBUG [default] 2016-06-17 13:54:00
2025-03-21T09:06:34.403 DEBUG [default] 2016-06-17 13:56:00
2025-03-21T09:06:34.417 DEBUG [default] 2016-06-17 13:58:00
2025-03-21T09:06:34.433 DEBUG [default] 2016-06-17 14:00:00
2025-03-21T09:06:34.447 DEBUG [default] 2016-06-17 14:02:00
2025-03-21T09:06:34.461 DEBUG [default] 2016-06-17 14:04:00
2025-03-21T09:06:34.478 DEBUG [default] 2016-06-17 14:06:00
2025-03-21T09:06:34.490 DEBUG [default] 2016-06-17 14:08:00
2025-03-21T09:06:34.505 DEBUG [default] 2016-06-17 14:10:00
2025-03-21T09:06:34.520 DEBUG [default] 2016-06-17 14:12:00
2025-03-21T09:06:34.533 DEBUG [default] 2016-06-17 14:14:00
2025-03-21T09:06:34.548 DEBUG [default] 2016-06-17 14:16:00
2025-03-21T09:06:34.562 DEBUG [default] 2016-06-17 14:18:00
2025-03-21T09:06:34.576 DEBUG [default] 2016-06-17 14:20:00
2025-03-21T09:06:34.588 DEBUG [default] 2016-06-17 14:22:00
2025-03-21T09:06:34.603 DEBUG [default] 2016-06-17 14:24:00
2025-03-21T09:06:34.615 DEBUG [default] 2016-06-17 14:26:00
2025-03-21T09:06:34.630 DEBUG [default] 2016-06-17 14:28:00
2025-03-21T09:06:34.646 DEBUG [default] 2016-06-17 14:30:00
2025-03-21T09:06:34.660 DEBUG [default] 2016-06-17 14:32:00
2025-03-21T09:06:34.674 DEBUG [default] 2016-06-17 14:34:00
2025-03-21T09:06:34.688 DEBUG [default] 2016-06-17 14:36:00
2025-03-21T09:06:34.705 DEBUG [default] 2016-06-17 14:38:00
2025-03-21T09:06:34.722 DEBUG [default] 2016-06-17 14:40:00
2025-03-21T09:06:34.738 DEBUG [default] 2016-06-17 14:42:00
2025-03-21T09:06:34.756 DEBUG [default] 2016-06-17 14:44:00
2025-03-21T09:06:34.773 DEBUG [default] 2016-06-17 14:46:00
2025-03-21T09:06:34.792 DEBUG [default] 2016-06-17 14:48:00
2025-03-21T09:06:34.809 DEBUG [default] 2016-06-17 14:50:00
2025-03-21T09:06:34.824 DEBUG [default] 2016-06-17 14:52:00
2025-03-21T09:06:34.841 DEBUG [default] 2016-06-17 14:54:00
2025-03-21T09:06:34.856 DEBUG [default] 2016-06-17 14:56:00
2025-03-21T09:06:34.870 DEBUG [default] 2016-06-17 14:58:00
2025-03-21T09:06:34.885 DEBUG [default] 2016-06-17 15:00:00
2025-03-21T09:06:34.901 DEBUG [default] 2016-06-17 15:02:00
2025-03-21T09:06:34.917 DEBUG [default] 2016-06-17 15:04:00
2025-03-21T09:06:34.931 DEBUG [default] 2016-06-17 15:06:00
2025-03-21T09:06:34.946 DEBUG [default] 2016-06-17 15:08:00
2025-03-21T09:06:34.960 DEBUG [default] 2016-06-17 15:10:00
2025-03-21T09:06:34.975 DEBUG [default] 2016-06-17 15:12:00
2025-03-21T09:06:34.991 DEBUG [default] 2016-06-17 15:14:00
2025-03-21T09:06:35.006 DEBUG [default] 2016-06-17 15:16:00
2025-03-21T09:06:35.021 DEBUG [default] 2016-06-17 15:18:00
2025-03-21T09:06:35.036 DEBUG [default] 2016-06-17 15:20:00
2025-03-21T09:06:35.051 DEBUG [default] 2016-06-17 15:22:00
2025-03-21T09:06:35.066 DEBUG [default] 2016-06-17 15:24:00
2025-03-21T09:06:35.081 DEBUG [default] 2016-06-17 15:26:00
2025-03-21T09:06:35.097 DEBUG [default] 2016-06-17 15:28:00
2025-03-21T09:06:35.112 DEBUG [default] 2016-06-17 15:30:00
2025-03-21T09:06:35.127 DEBUG [default] 2016-06-17 15:32:00
2025-03-21T09:06:35.145 DEBUG [default] 2016-06-17 15:34:00
2025-03-21T09:06:35.159 DEBUG [default] 2016-06-17 15:36:00
2025-03-21T09:06:35.175 DEBUG [default] 2016-06-17 15:38:00
2025-03-21T09:06:35.189 DEBUG [default] 2016-06-17 15:40:00
2025-03-21T09:06:35.203 DEBUG [default] 2016-06-17 15:42:00
2025-03-21T09:06:35.218 DEBUG [default] 2016-06-17 15:44:00
2025-03-21T09:06:35.233 DEBUG [default] 2016-06-17 15:46:00
2025-03-21T09:06:35.247 DEBUG [default] 2016-06-17 15:48:00
2025-03-21T09:06:35.261 DEBUG [default] 2016-06-17 15:50:00
2025-03-21T09:06:35.274 DEBUG [default] 2016-06-17 15:52:00
2025-03-21T09:06:35.288 DEBUG [default] 2016-06-17 15:54:00
2025-03-21T09:06:35.305 DEBUG [default] 2016-06-17 15:56:00
2025-03-21T09:06:35.320 DEBUG [default] 2016-06-17 15:58:00
2025-03-21T09:06:35.335 DEBUG [default] 2016-06-17 16:00:00
2025-03-21T09:06:35.350 DEBUG [default] 2016-06-17 16:02:00
2025-03-21T09:06:35.364 DEBUG [default] 2016-06-17 16:04:00
2025-03-21T09:06:35.379 DEBUG [default] 2016-06-17 16:06:00
2025-03-21T09:06:35.395 DEBUG [default] 2016-06-17 16:08:00
2025-03-21T09:06:35.412 DEBUG [default] 2016-06-17 16:10:00
2025-03-21T09:06:35.429 DEBUG [default] 2016-06-17 16:12:00
2025-03-21T09:06:35.465 DEBUG [default] 2016-06-17 16:14:00
2025-03-21T09:06:35.486 DEBUG [default] 2016-06-17 16:16:00
2025-03-21T09:06:35.504 DEBUG [default] 2016-06-17 16:18:00
2025-03-21T09:06:35.528 DEBUG [default] 2016-06-17 16:20:00
2025-03-21T09:06:35.548 DEBUG [default] 2016-06-17 16:22:00
2025-03-21T09:06:35.568 DEBUG [default] 2016-06-17 16:24:00
2025-03-21T09:06:35.587 DEBUG [default] 2016-06-17 16:26:00
2025-03-21T09:06:35.608 DEBUG [default] 2016-06-17 16:28:00
2025-03-21T09:06:35.624 DEBUG [default] 2016-06-17 16:30:00
2025-03-21T09:06:35.641 DEBUG [default] 2016-06-17 16:32:00
2025-03-21T09:06:35.659 DEBUG [default] 2016-06-17 16:34:00
2025-03-21T09:06:35.676 DEBUG [default] 2016-06-17 16:36:00
2025-03-21T09:06:35.694 DEBUG [default] 2016-06-17 16:38:00
2025-03-21T09:06:35.711 DEBUG [default] 2016-06-17 16:40:00
2025-03-21T09:06:35.730 DEBUG [default] 2016-06-17 16:42:00
2025-03-21T09:06:35.745 DEBUG [default] 2016-06-17 16:44:00
2025-03-21T09:06:35.764 DEBUG [default] 2016-06-17 16:46:00
2025-03-21T09:06:35.781 DEBUG [default] 2016-06-17 16:48:00
2025-03-21T09:06:35.800 DEBUG [default] 2016-06-17 16:50:00
2025-03-21T09:06:35.814 DEBUG [default] 2016-06-17 16:52:00
2025-03-21T09:06:35.830 DEBUG [default] 2016-06-17 16:54:00
2025-03-21T09:06:35.849 DEBUG [default] 2016-06-17 16:56:00
2025-03-21T09:06:35.865 DEBUG [default] 2016-06-17 16:58:00
2025-03-21T09:06:35.882 DEBUG [default] 2016-06-17 17:00:00
2025-03-21T09:06:35.900 DEBUG [default] 2016-06-17 17:02:00
2025-03-21T09:06:35.918 DEBUG [default] 2016-06-17 17:04:00
2025-03-21T09:06:35.936 DEBUG [default] 2016-06-17 17:06:00
2025-03-21T09:06:35.955 DEBUG [default] 2016-06-17 17:08:00
2025-03-21T09:06:35.975 DEBUG [default] 2016-06-17 17:10:00
2025-03-21T09:06:35.994 DEBUG [default] 2016-06-17 17:12:00
2025-03-21T09:06:36.012 DEBUG [default] 2016-06-17 17:14:00
2025-03-21T09:06:36.030 DEBUG [default] 2016-06-17 17:16:00
2025-03-21T09:06:36.046 DEBUG [default] 2016-06-17 17:18:00
2025-03-21T09:06:36.063 DEBUG [default] 2016-06-17 17:20:00
2025-03-21T09:06:36.079 DEBUG [default] 2016-06-17 17:22:00
2025-03-21T09:06:36.094 DEBUG [default] 2016-06-17 17:24:00
2025-03-21T09:06:36.110 DEBUG [default] 2016-06-17 17:26:00
2025-03-21T09:06:36.134 DEBUG [default] 2016-06-17 17:28:00
2025-03-21T09:06:36.153 DEBUG [default] 2016-06-17 17:30:00
2025-03-21T09:06:36.183 DEBUG [default] 2016-06-17 17:32:00
2025-03-21T09:06:36.206 DEBUG [default] 2016-06-17 17:34:00
2025-03-21T09:06:36.225 DEBUG [default] 2016-06-17 17:36:00
2025-03-21T09:06:36.243 DEBUG [default] 2016-06-17 17:38:00
2025-03-21T09:06:36.262 DEBUG [default] 2016-06-17 17:40:00
2025-03-21T09:06:36.285 DEBUG [default] 2016-06-17 17:42:00
2025-03-21T09:06:36.303 DEBUG [default] 2016-06-17 17:44:00
2025-03-21T09:06:36.320 DEBUG [default] 2016-06-17 17:46:00
2025-03-21T09:06:36.338 DEBUG [default] 2016-06-17 17:48:00
2025-03-21T09:06:36.353 DEBUG [default] 2016-06-17 17:50:00
2025-03-21T09:06:36.371 DEBUG [default] 2016-06-17 17:52:00
2025-03-21T09:06:36.389 DEBUG [default] 2016-06-17 17:54:00
2025-03-21T09:06:36.405 DEBUG [default] 2016-06-17 17:56:00
2025-03-21T09:06:36.424 DEBUG [default] 2016-06-17 17:58:00
2025-03-21T09:06:36.442 DEBUG [default] 2016-06-17 18:00:00
2025-03-21T09:06:36.460 DEBUG [default] 2016-06-17 18:02:00
2025-03-21T09:06:36.478 DEBUG [default] 2016-06-17 18:04:00
2025-03-21T09:06:36.496 DEBUG [default] 2016-06-17 18:06:00
2025-03-21T09:06:36.516 DEBUG [default] 2016-06-17 18:08:00
2025-03-21T09:06:36.535 DEBUG [default] 2016-06-17 18:10:00
2025-03-21T09:06:36.551 DEBUG [default] 2016-06-17 18:12:00
2025-03-21T09:06:36.567 DEBUG [default] 2016-06-17 18:14:00
2025-03-21T09:06:36.586 DEBUG [default] 2016-06-17 18:16:00
2025-03-21T09:06:36.602 DEBUG [default] 2016-06-17 18:18:00
2025-03-21T09:06:36.617 DEBUG [default] 2016-06-17 18:20:00
2025-03-21T09:06:36.634 DEBUG [default] 2016-06-17 18:22:00
2025-03-21T09:06:36.651 DEBUG [default] 2016-06-17 18:24:00
2025-03-21T09:06:36.667 DEBUG [default] 2016-06-17 18:26:00
2025-03-21T09:06:36.683 DEBUG [default] 2016-06-17 18:28:00
2025-03-21T09:06:36.698 DEBUG [default] 2016-06-17 18:30:00
2025-03-21T09:06:36.714 DEBUG [default] 2016-06-17 18:32:00
2025-03-21T09:06:36.733 DEBUG [default] 2016-06-17 18:34:00
2025-03-21T09:06:36.750 DEBUG [default] 2016-06-17 18:36:00
2025-03-21T09:06:36.766 DEBUG [default] 2016-06-17 18:38:00
2025-03-21T09:06:36.783 DEBUG [default] 2016-06-17 18:40:00
2025-03-21T09:06:36.800 DEBUG [default] 2016-06-17 18:42:00
2025-03-21T09:06:36.815 DEBUG [default] 2016-06-17 18:44:00
2025-03-21T09:06:36.831 DEBUG [default] 2016-06-17 18:46:00
2025-03-21T09:06:36.851 DEBUG [default] 2016-06-17 18:48:00
2025-03-21T09:06:36.870 DEBUG [default] 2016-06-17 18:50:00
2025-03-21T09:06:36.887 DEBUG [default] 2016-06-17 18:52:00
2025-03-21T09:06:36.907 DEBUG [default] 2016-06-17 18:54:00
2025-03-21T09:06:36.925 DEBUG [default] 2016-06-17 18:56:00
2025-03-21T09:06:36.943 DEBUG [default] 2016-06-17 18:58:00
2025-03-21T09:06:36.963 DEBUG [default] 2016-06-17 19:00:00
2025-03-21T09:06:36.980 DEBUG [default] 2016-06-17 19:02:00
2025-03-21T09:06:36.997 DEBUG [default] 2016-06-17 19:04:00
2025-03-21T09:06:37.014 DEBUG [default] 2016-06-17 19:06:00
2025-03-21T09:06:37.031 DEBUG [default] 2016-06-17 19:08:00
2025-03-21T09:06:37.049 DEBUG [default] 2016-06-17 19:10:00
2025-03-21T09:06:37.064 DEBUG [default] 2016-06-17 19:12:00
2025-03-21T09:06:37.081 DEBUG [default] 2016-06-17 19:14:00
2025-03-21T09:06:37.096 DEBUG [default] 2016-06-17 19:16:00
2025-03-21T09:06:37.112 DEBUG [default] 2016-06-17 19:18:00
2025-03-21T09:06:37.128 DEBUG [default] 2016-06-17 19:20:00
2025-03-21T09:06:37.144 DEBUG [default] 2016-06-17 19:22:00
2025-03-21T09:06:37.163 DEBUG [default] 2016-06-17 19:24:00
2025-03-21T09:06:37.181 DEBUG [default] 2016-06-17 19:26:00
2025-03-21T09:06:37.196 DEBUG [default] 2016-06-17 19:28:00
2025-03-21T09:06:37.211 DEBUG [default] 2016-06-17 19:30:00
2025-03-21T09:06:37.224 DEBUG [default] 2016-06-17 19:32:00
2025-03-21T09:06:37.242 DEBUG [default] 2016-06-17 19:34:00
2025-03-21T09:06:37.257 DEBUG [default] 2016-06-17 19:36:00
2025-03-21T09:06:37.271 DEBUG [default] 2016-06-17 19:38:00
2025-03-21T09:06:37.286 DEBUG [default] 2016-06-17 19:40:00
2025-03-21T09:06:37.303 DEBUG [default] 2016-06-17 19:42:00
2025-03-21T09:06:37.319 DEBUG [default] 2016-06-17 19:44:00
2025-03-21T09:06:37.333 DEBUG [default] 2016-06-17 19:46:00
2025-03-21T09:06:37.349 DEBUG [default] 2016-06-17 19:48:00
2025-03-21T09:06:37.368 DEBUG [default] 2016-06-17 19:50:00
2025-03-21T09:06:37.386 DEBUG [default] 2016-06-17 19:52:00
2025-03-21T09:06:37.404 DEBUG [default] 2016-06-17 19:54:00
2025-03-21T09:06:37.421 DEBUG [default] 2016-06-17 19:56:00
2025-03-21T09:06:37.437 DEBUG [default] 2016-06-17 19:58:00
2025-03-21T09:06:37.452 DEBUG [default] 2016-06-17 20:00:00
2025-03-21T09:06:37.472 DEBUG [default] 2016-06-17 20:02:00
2025-03-21T09:06:37.490 DEBUG [default] 2016-06-17 20:04:00
2025-03-21T09:06:37.511 DEBUG [default] 2016-06-17 20:06:00
2025-03-21T09:06:37.529 DEBUG [default] 2016-06-17 20:08:00
2025-03-21T09:06:37.547 DEBUG [default] 2016-06-17 20:10:00
2025-03-21T09:06:37.563 DEBUG [default] 2016-06-17 20:12:00
2025-03-21T09:06:37.580 DEBUG [default] 2016-06-17 20:14:00
2025-03-21T09:06:37.594 DEBUG [default] 2016-06-17 20:16:00
2025-03-21T09:06:37.610 DEBUG [default] 2016-06-17 20:18:00
2025-03-21T09:06:37.626 DEBUG [default] 2016-06-17 20:20:00
2025-03-21T09:06:37.643 DEBUG [default] 2016-06-17 20:22:00
2025-03-21T09:06:37.658 DEBUG [default] 2016-06-17 20:24:00
2025-03-21T09:06:37.674 DEBUG [default] 2016-06-17 20:26:00
2025-03-21T09:06:37.690 DEBUG [default] 2016-06-17 20:28:00
2025-03-21T09:06:37.713 DEBUG [default] 2016-06-17 20:30:00
2025-03-21T09:06:37.728 DEBUG [default] 2016-06-17 20:32:00
2025-03-21T09:06:37.743 DEBUG [default] 2016-06-17 20:34:00
2025-03-21T09:06:37.761 DEBUG [default] 2016-06-17 20:36:00
2025-03-21T09:06:37.779 DEBUG [default] 2016-06-17 20:38:00
2025-03-21T09:06:37.793 DEBUG [default] 2016-06-17 20:40:00
2025-03-21T09:06:37.809 DEBUG [default] 2016-06-17 20:42:00
2025-03-21T09:06:37.824 DEBUG [default] 2016-06-17 20:44:00
2025-03-21T09:06:37.843 DEBUG [default] 2016-06-17 20:46:00
2025-03-21T09:06:37.859 DEBUG [default] 2016-06-17 20:48:00
2025-03-21T09:06:37.875 DEBUG [default] 2016-06-17 20:50:00
2025-03-21T09:06:37.893 DEBUG [default] 2016-06-17 20:52:00
2025-03-21T09:06:37.909 DEBUG [default] 2016-06-17 20:54:00
2025-03-21T09:06:37.924 DEBUG [default] 2016-06-17 20:56:00
2025-03-21T09:06:37.939 DEBUG [default] 2016-06-17 20:58:00
2025-03-21T09:06:37.955 DEBUG [default] 2016-06-17 21:00:00
2025-03-21T09:06:37.970 DEBUG [default] 2016-06-17 21:02:00
2025-03-21T09:06:37.985 DEBUG [default] 2016-06-17 21:04:00
2025-03-21T09:06:37.999 DEBUG [default] 2016-06-17 21:06:00
2025-03-21T09:06:38.013 DEBUG [default] 2016-06-17 21:08:00
2025-03-21T09:06:38.028 DEBUG [default] 2016-06-17 21:10:00
2025-03-21T09:06:38.044 DEBUG [default] 2016-06-17 21:12:00
2025-03-21T09:06:38.057 DEBUG [default] 2016-06-17 21:14:00
2025-03-21T09:06:38.071 DEBUG [default] 2016-06-17 21:16:00
2025-03-21T09:06:38.086 DEBUG [default] 2016-06-17 21:18:00
2025-03-21T09:06:38.101 DEBUG [default] 2016-06-17 21:20:00
2025-03-21T09:06:38.113 DEBUG [default] 2016-06-17 21:22:00
2025-03-21T09:06:38.125 DEBUG [default] 2016-06-17 21:24:00
2025-03-21T09:06:38.140 DEBUG [default] 2016-06-17 21:26:00
2025-03-21T09:06:38.153 DEBUG [default] 2016-06-17 21:28:00
2025-03-21T09:06:38.168 DEBUG [default] 2016-06-17 21:30:00
2025-03-21T09:06:38.182 DEBUG [default] 2016-06-17 21:32:00
2025-03-21T09:06:38.197 DEBUG [default] 2016-06-17 21:34:00
2025-03-21T09:06:38.212 DEBUG [default] 2016-06-17 21:36:00
2025-03-21T09:06:38.228 DEBUG [default] 2016-06-17 21:38:00
2025-03-21T09:06:38.242 DEBUG [default] 2016-06-17 21:40:00
2025-03-21T09:06:38.256 DEBUG [default] 2016-06-17 21:42:00
2025-03-21T09:06:38.270 DEBUG [default] 2016-06-17 21:44:00
2025-03-21T09:06:38.283 DEBUG [default] 2016-06-17 21:46:00
2025-03-21T09:06:38.296 DEBUG [default] 2016-06-17 21:48:00
2025-03-21T09:06:38.309 DEBUG [default] 2016-06-17 21:50:00
2025-03-21T09:06:38.321 DEBUG [default] 2016-06-17 21:52:00
2025-03-21T09:06:38.335 DEBUG [default] 2016-06-17 21:54:00
2025-03-21T09:06:38.350 DEBUG [default] 2016-06-17 21:56:00
2025-03-21T09:06:38.365 DEBUG [default] 2016-06-17 21:58:00
2025-03-21T09:06:38.378 DEBUG [default] 2016-06-17 22:00:00
2025-03-21T09:06:38.391 DEBUG [default] 2016-06-17 22:02:00
2025-03-21T09:06:38.404 DEBUG [default] 2016-06-17 22:04:00
2025-03-21T09:06:38.419 DEBUG [default] 2016-06-17 22:06:00
2025-03-21T09:06:38.435 DEBUG [default] 2016-06-17 22:08:00
2025-03-21T09:06:38.449 DEBUG [default] 2016-06-17 22:10:00
2025-03-21T09:06:38.462 DEBUG [default] 2016-06-17 22:12:00
2025-03-21T09:06:38.477 DEBUG [default] 2016-06-17 22:14:00
2025-03-21T09:06:38.490 DEBUG [default] 2016-06-17 22:16:00
2025-03-21T09:06:38.504 DEBUG [default] 2016-06-17 22:18:00
2025-03-21T09:06:38.519 DEBUG [default] 2016-06-17 22:20:00
2025-03-21T09:06:38.532 DEBUG [default] 2016-06-17 22:22:00
2025-03-21T09:06:38.546 DEBUG [default] 2016-06-17 22:24:00
2025-03-21T09:06:38.563 DEBUG [default] 2016-06-17 22:26:00
2025-03-21T09:06:38.577 DEBUG [default] 2016-06-17 22:28:00
2025-03-21T09:06:38.590 DEBUG [default] 2016-06-17 22:30:00
2025-03-21T09:06:38.605 DEBUG [default] 2016-06-17 22:32:00
2025-03-21T09:06:38.618 DEBUG [default] 2016-06-17 22:34:00
2025-03-21T09:06:38.632 DEBUG [default] 2016-06-17 22:36:00
2025-03-21T09:06:38.645 DEBUG [default] 2016-06-17 22:38:00
2025-03-21T09:06:38.658 DEBUG [default] 2016-06-17 22:40:00
2025-03-21T09:06:38.670 DEBUG [default] 2016-06-17 22:42:00
2025-03-21T09:06:38.682 DEBUG [default] 2016-06-17 22:44:00
2025-03-21T09:06:38.697 DEBUG [default] 2016-06-17 22:46:00
2025-03-21T09:06:38.710 DEBUG [default] 2016-06-17 22:48:00
2025-03-21T09:06:38.723 DEBUG [default] 2016-06-17 22:50:00
2025-03-21T09:06:38.740 DEBUG [default] 2016-06-17 22:52:00
2025-03-21T09:06:38.760 DEBUG [default] 2016-06-17 22:54:00
2025-03-21T09:06:38.780 DEBUG [default] 2016-06-17 22:56:00
2025-03-21T09:06:38.799 DEBUG [default] 2016-06-17 22:58:00
2025-03-21T09:06:38.812 DEBUG [default] 2016-06-17 23:00:00
2025-03-21T09:06:38.826 DEBUG [default] 2016-06-17 23:02:00
2025-03-21T09:06:38.842 DEBUG [default] 2016-06-17 23:04:00
2025-03-21T09:06:38.856 DEBUG [default] 2016-06-17 23:06:00
2025-03-21T09:06:38.870 DEBUG [default] 2016-06-17 23:08:00
2025-03-21T09:06:38.886 DEBUG [default] 2016-06-17 23:10:00
2025-03-21T09:06:38.901 DEBUG [default] 2016-06-17 23:12:00
2025-03-21T09:06:38.915 DEBUG [default] 2016-06-17 23:14:00
2025-03-21T09:06:38.930 DEBUG [default] 2016-06-17 23:16:00
2025-03-21T09:06:38.944 DEBUG [default] 2016-06-17 23:18:00
2025-03-21T09:06:38.958 DEBUG [default] 2016-06-17 23:20:00
2025-03-21T09:06:38.972 DEBUG [default] 2016-06-17 23:22:00
2025-03-21T09:06:38.985 DEBUG [default] 2016-06-17 23:24:00
2025-03-21T09:06:38.999 DEBUG [default] 2016-06-17 23:26:00
2025-03-21T09:06:39.012 DEBUG [default] 2016-06-17 23:28:00
2025-03-21T09:06:39.029 DEBUG [default] 2016-06-17 23:30:00
2025-03-21T09:06:39.043 DEBUG [default] 2016-06-17 23:32:00
2025-03-21T09:06:39.056 DEBUG [default] 2016-06-17 23:34:00
2025-03-21T09:06:39.070 DEBUG [default] 2016-06-17 23:36:00
2025-03-21T09:06:39.087 DEBUG [default] 2016-06-17 23:38:00
2025-03-21T09:06:39.104 DEBUG [default] 2016-06-17 23:40:00
2025-03-21T09:06:39.118 DEBUG [default] 2016-06-17 23:42:00
2025-03-21T09:06:39.133 DEBUG [default] 2016-06-17 23:44:00
2025-03-21T09:06:39.147 DEBUG [default] 2016-06-17 23:46:00
2025-03-21T09:06:39.163 DEBUG [default] 2016-06-17 23:48:00
2025-03-21T09:06:39.178 DEBUG [default] 2016-06-17 23:50:00
2025-03-21T09:06:39.191 DEBUG [default] 2016-06-17 23:52:00
2025-03-21T09:06:39.204 DEBUG [default] 2016-06-17 23:54:00
2025-03-21T09:06:39.220 DEBUG [default] 2016-06-17 23:56:00
2025-03-21T09:06:39.234 DEBUG [default] 2016-06-17 23:58:00
2025-03-21T09:06:39.249 DEBUG [default] 2016-06-18 00:00:00
2025-03-21T09:06:39.263 DEBUG [default] 2016-06-18 00:02:00
2025-03-21T09:06:39.278 DEBUG [default] 2016-06-18 00:04:00
2025-03-21T09:06:39.294 DEBUG [default] 2016-06-18 00:06:00
2025-03-21T09:06:39.311 DEBUG [default] 2016-06-18 00:08:00
2025-03-21T09:06:39.325 DEBUG [default] 2016-06-18 00:10:00
2025-03-21T09:06:39.340 DEBUG [default] 2016-06-18 00:12:00
2025-03-21T09:06:39.355 DEBUG [default] 2016-06-18 00:14:00
2025-03-21T09:06:39.370 DEBUG [default] 2016-06-18 00:16:00
2025-03-21T09:06:39.383 DEBUG [default] 2016-06-18 00:18:00
2025-03-21T09:06:39.398 DEBUG [default] 2016-06-18 00:20:00
2025-03-21T09:06:39.411 DEBUG [default] 2016-06-18 00:22:00
2025-03-21T09:06:39.427 DEBUG [default] 2016-06-18 00:24:00
2025-03-21T09:06:39.442 DEBUG [default] 2016-06-18 00:26:00
2025-03-21T09:06:39.456 DEBUG [default] 2016-06-18 00:28:00
2025-03-21T09:06:39.470 DEBUG [default] 2016-06-18 00:30:00
2025-03-21T09:06:39.486 DEBUG [default] 2016-06-18 00:32:00
2025-03-21T09:06:39.500 DEBUG [default] 2016-06-18 00:34:00
2025-03-21T09:06:39.516 DEBUG [default] 2016-06-18 00:36:00
2025-03-21T09:06:39.530 DEBUG [default] 2016-06-18 00:38:00
2025-03-21T09:06:39.544 DEBUG [default] 2016-06-18 00:40:00
2025-03-21T09:06:39.558 DEBUG [default] 2016-06-18 00:42:00
2025-03-21T09:06:39.572 DEBUG [default] 2016-06-18 00:44:00
2025-03-21T09:06:39.585 DEBUG [default] 2016-06-18 00:46:00
2025-03-21T09:06:39.597 DEBUG [default] 2016-06-18 00:48:00
2025-03-21T09:06:39.611 DEBUG [default] 2016-06-18 00:50:00
2025-03-21T09:06:39.627 DEBUG [default] 2016-06-18 00:52:00
2025-03-21T09:06:39.641 DEBUG [default] 2016-06-18 00:54:00
2025-03-21T09:06:39.654 DEBUG [default] 2016-06-18 00:56:00
2025-03-21T09:06:39.667 DEBUG [default] 2016-06-18 00:58:00
2025-03-21T09:06:39.681 DEBUG [default] 2016-06-18 01:00:00
2025-03-21T09:06:39.696 DEBUG [default] 2016-06-18 01:02:00
2025-03-21T09:06:39.709 DEBUG [default] 2016-06-18 01:04:00
2025-03-21T09:06:39.723 DEBUG [default] 2016-06-18 01:06:00
2025-03-21T09:06:39.737 DEBUG [default] 2016-06-18 01:08:00
2025-03-21T09:06:39.753 DEBUG [default] 2016-06-18 01:10:00
2025-03-21T09:06:39.773 DEBUG [default] 2016-06-18 01:12:00
2025-03-21T09:06:39.788 DEBUG [default] 2016-06-18 01:14:00
2025-03-21T09:06:39.804 DEBUG [default] 2016-06-18 01:16:00
2025-03-21T09:06:39.820 DEBUG [default] 2016-06-18 01:18:00
2025-03-21T09:06:39.836 DEBUG [default] 2016-06-18 01:20:00
2025-03-21T09:06:39.850 DEBUG [default] 2016-06-18 01:22:00
2025-03-21T09:06:39.869 DEBUG [default] 2016-06-18 01:24:00
2025-03-21T09:06:39.889 DEBUG [default] 2016-06-18 01:26:00
2025-03-21T09:06:39.907 DEBUG [default] 2016-06-18 01:28:00
2025-03-21T09:06:39.923 DEBUG [default] 2016-06-18 01:30:00
2025-03-21T09:06:39.939 DEBUG [default] 2016-06-18 01:32:00
2025-03-21T09:06:39.958 DEBUG [default] 2016-06-18 01:34:00
2025-03-21T09:06:39.974 DEBUG [default] 2016-06-18 01:36:00
2025-03-21T09:06:39.989 DEBUG [default] 2016-06-18 01:38:00
2025-03-21T09:06:40.005 DEBUG [default] 2016-06-18 01:40:00
2025-03-21T09:06:40.023 DEBUG [default] 2016-06-18 01:42:00
2025-03-21T09:06:40.041 DEBUG [default] 2016-06-18 01:44:00
2025-03-21T09:06:40.059 DEBUG [default] 2016-06-18 01:46:00
2025-03-21T09:06:40.076 DEBUG [default] 2016-06-18 01:48:00
2025-03-21T09:06:40.094 DEBUG [default] 2016-06-18 01:50:00
2025-03-21T09:06:40.111 DEBUG [default] 2016-06-18 01:52:00
2025-03-21T09:06:40.127 DEBUG [default] 2016-06-18 01:54:00
2025-03-21T09:06:40.143 DEBUG [default] 2016-06-18 01:56:00
2025-03-21T09:06:40.159 DEBUG [default] 2016-06-18 01:58:00
2025-03-21T09:06:40.175 DEBUG [default] 2016-06-18 02:00:00
2025-03-21T09:06:40.192 DEBUG [default] 2016-06-18 02:02:00
2025-03-21T09:06:40.208 DEBUG [default] 2016-06-18 02:04:00
2025-03-21T09:06:40.225 DEBUG [default] 2016-06-18 02:06:00
2025-03-21T09:06:40.241 DEBUG [default] 2016-06-18 02:08:00
2025-03-21T09:06:40.255 DEBUG [default] 2016-06-18 02:10:00
2025-03-21T09:06:40.270 DEBUG [default] 2016-06-18 02:12:00
2025-03-21T09:06:40.288 DEBUG [default] 2016-06-18 02:14:00
2025-03-21T09:06:40.303 DEBUG [default] 2016-06-18 02:16:00
2025-03-21T09:06:40.318 DEBUG [default] 2016-06-18 02:18:00
2025-03-21T09:06:40.334 DEBUG [default] 2016-06-18 02:20:00
2025-03-21T09:06:40.350 DEBUG [default] 2016-06-18 02:22:00
2025-03-21T09:06:40.364 DEBUG [default] 2016-06-18 02:24:00
2025-03-21T09:06:40.380 DEBUG [default] 2016-06-18 02:26:00
2025-03-21T09:06:40.394 DEBUG [default] 2016-06-18 02:28:00
2025-03-21T09:06:40.410 DEBUG [default] 2016-06-18 02:30:00
2025-03-21T09:06:40.426 DEBUG [default] 2016-06-18 02:32:00
2025-03-21T09:06:40.442 DEBUG [default] 2016-06-18 02:34:00
2025-03-21T09:06:40.459 DEBUG [default] 2016-06-18 02:36:00
2025-03-21T09:06:40.476 DEBUG [default] 2016-06-18 02:38:00
2025-03-21T09:06:40.493 DEBUG [default] 2016-06-18 02:40:00
2025-03-21T09:06:40.508 DEBUG [default] 2016-06-18 02:42:00
2025-03-21T09:06:40.523 DEBUG [default] 2016-06-18 02:44:00
2025-03-21T09:06:40.538 DEBUG [default] 2016-06-18 02:46:00
2025-03-21T09:06:40.553 DEBUG [default] 2016-06-18 02:48:00
2025-03-21T09:06:40.567 DEBUG [default] 2016-06-18 02:50:00
2025-03-21T09:06:40.581 DEBUG [default] 2016-06-18 02:52:00
2025-03-21T09:06:40.593 DEBUG [default] 2016-06-18 02:54:00
2025-03-21T09:06:40.607 DEBUG [default] 2016-06-18 02:56:00
2025-03-21T09:06:40.620 DEBUG [default] 2016-06-18 02:58:00
2025-03-21T09:06:40.632 DEBUG [default] 2016-06-18 03:00:00
2025-03-21T09:06:40.645 DEBUG [default] 2016-06-18 03:02:00
2025-03-21T09:06:40.658 DEBUG [default] 2016-06-18 03:04:00
2025-03-21T09:06:40.671 DEBUG [default] 2016-06-18 03:06:00
2025-03-21T09:06:40.683 DEBUG [default] 2016-06-18 03:08:00
2025-03-21T09:06:40.695 DEBUG [default] 2016-06-18 03:10:00
2025-03-21T09:06:40.708 DEBUG [default] 2016-06-18 03:12:00
2025-03-21T09:06:40.721 DEBUG [default] 2016-06-18 03:14:00
2025-03-21T09:06:40.734 DEBUG [default] 2016-06-18 03:16:00
2025-03-21T09:06:40.747 DEBUG [default] 2016-06-18 03:18:00
2025-03-21T09:06:40.759 DEBUG [default] 2016-06-18 03:20:00
2025-03-21T09:06:40.772 DEBUG [default] 2016-06-18 03:22:00
2025-03-21T09:06:40.783 DEBUG [default] 2016-06-18 03:24:00
2025-03-21T09:06:40.797 DEBUG [default] 2016-06-18 03:26:00
2025-03-21T09:06:40.811 DEBUG [default] 2016-06-18 03:28:00
2025-03-21T09:06:40.823 DEBUG [default] 2016-06-18 03:30:00
2025-03-21T09:06:40.836 DEBUG [default] 2016-06-18 03:32:00
2025-03-21T09:06:40.850 DEBUG [default] 2016-06-18 03:34:00
2025-03-21T09:06:40.863 DEBUG [default] 2016-06-18 03:36:00
2025-03-21T09:06:40.875 DEBUG [default] 2016-06-18 03:38:00
2025-03-21T09:06:40.888 DEBUG [default] 2016-06-18 03:40:00
2025-03-21T09:06:40.900 DEBUG [default] 2016-06-18 03:42:00
2025-03-21T09:06:40.914 DEBUG [default] 2016-06-18 03:44:00
2025-03-21T09:06:40.927 DEBUG [default] 2016-06-18 03:46:00
2025-03-21T09:06:40.942 DEBUG [default] 2016-06-18 03:48:00
2025-03-21T09:06:40.955 DEBUG [default] 2016-06-18 03:50:00
2025-03-21T09:06:40.970 DEBUG [default] 2016-06-18 03:52:00
2025-03-21T09:06:40.985 DEBUG [default] 2016-06-18 03:54:00
2025-03-21T09:06:40.999 DEBUG [default] 2016-06-18 03:56:00
2025-03-21T09:06:41.016 DEBUG [default] 2016-06-18 03:58:00
2025-03-21T09:06:41.033 DEBUG [default] 2016-06-18 04:00:00
2025-03-21T09:06:41.047 DEBUG [default] 2016-06-18 04:02:00
2025-03-21T09:06:41.062 DEBUG [default] 2016-06-18 04:04:00
2025-03-21T09:06:41.077 DEBUG [default] 2016-06-18 04:06:00
2025-03-21T09:06:41.092 DEBUG [default] 2016-06-18 04:08:00
2025-03-21T09:06:41.106 DEBUG [default] 2016-06-18 04:10:00
2025-03-21T09:06:41.120 DEBUG [default] 2016-06-18 04:12:00
2025-03-21T09:06:41.134 DEBUG [default] 2016-06-18 04:14:00
2025-03-21T09:06:41.149 DEBUG [default] 2016-06-18 04:16:00
2025-03-21T09:06:41.161 DEBUG [default] 2016-06-18 04:18:00
2025-03-21T09:06:41.175 DEBUG [default] 2016-06-18 04:20:00
2025-03-21T09:06:41.187 DEBUG [default] 2016-06-18 04:22:00
2025-03-21T09:06:41.202 DEBUG [default] 2016-06-18 04:24:00
2025-03-21T09:06:41.216 DEBUG [default] 2016-06-18 04:26:00
2025-03-21T09:06:41.229 DEBUG [default] 2016-06-18 04:28:00
2025-03-21T09:06:41.240 DEBUG [default] 2016-06-18 04:30:00
2025-03-21T09:06:41.252 DEBUG [default] 2016-06-18 04:32:00
2025-03-21T09:06:41.265 DEBUG [default] 2016-06-18 04:34:00
2025-03-21T09:06:41.279 DEBUG [default] 2016-06-18 04:36:00
2025-03-21T09:06:41.291 DEBUG [default] 2016-06-18 04:38:00
2025-03-21T09:06:41.301 DEBUG [default] 2016-06-18 04:40:00
2025-03-21T09:06:41.315 DEBUG [default] 2016-06-18 04:42:00
2025-03-21T09:06:41.325 DEBUG [default] 2016-06-18 04:44:00
2025-03-21T09:06:41.337 DEBUG [default] 2016-06-18 04:46:00
2025-03-21T09:06:41.348 DEBUG [default] 2016-06-18 04:48:00
2025-03-21T09:06:41.360 DEBUG [default] 2016-06-18 04:50:00
2025-03-21T09:06:41.372 DEBUG [default] 2016-06-18 04:52:00
2025-03-21T09:06:41.384 DEBUG [default] 2016-06-18 04:54:00
2025-03-21T09:06:41.396 DEBUG [default] 2016-06-18 04:56:00
2025-03-21T09:06:41.408 DEBUG [default] 2016-06-18 04:58:00
2025-03-21T09:06:41.418 INFO  [TIMESPAN] [COMP][ALL] 13.593
2025-03-21T09:06:41.418 INFO  [TIMESPAN] [COMP][TSD_RDd_P] 0.001
2025-03-21T09:06:41.418 INFO  [TIMESPAN] [COMP][TSD_RDd_TMEAN] 0.000
2025-03-21T09:06:41.418 INFO  [TIMESPAN] [COMP][TSD_RDd_TMAX] 0.000
2025-03-21T09:06:41.419 INFO  [TIMESPAN] [COMP][TSD_RDd_TMIN] 0.000
2025-03-21T09:06:41.419 INFO  [TIMESPAN] [COMP][TSD_RDd_SR] 0.000
2025-03-21T09:06:41.419 INFO  [TIMESPAN] [COMP][TSD_RDd_WS] 0.000
2025-03-21T09:06:41.419 INFO  [TIMESPAN] [COMP][TSD_RDd_RM] 0.000
2025-03-21T09:06:41.419 INFO  [TIMESPAN] [COMP][ITPd_P] 0.032
2025-03-21T09:06:41.419 INFO  [TIMESPAN] [COMP][ITPd_TMEAN] 0.021
2025-03-21T09:06:41.419 INFO  [TIMESPAN] [COMP][ITPd_TMAX] 0.020
2025-03-21T09:06:41.419 INFO  [TIMESPAN] [COMP][ITPd_TMIN] 0.016
2025-03-21T09:06:41.419 INFO  [TIMESPAN] [COMP][ITPd_SR] 0.015
2025-03-21T09:06:41.419 INFO  [TIMESPAN] [COMP][ITPd_WS] 0.015
2025-03-21T09:06:41.420 INFO  [TIMESPAN] [COMP][ITPd_RM] 0.015
2025-03-21T09:06:41.420 INFO  [TIMESPAN] [COMP][PI_MCSd] 0.641
2025-03-21T09:06:41.420 INFO  [TIMESPAN] [COMP][SUR_SGAd] 2.626
2025-03-21T09:06:41.420 INFO  [TIMESPAN] [COMP][DEP_FSd] 0.053
2025-03-21T09:06:41.420 INFO  [TIMESPAN] [COMP][IKW_OLd] 0.633
2025-03-21T09:06:41.420 INFO  [TIMESPAN] [COMP][PERCO_DARCYd] 0.008
2025-03-21T09:06:41.420 INFO  [TIMESPAN] [COMP][IKW_IFd] 0.145
2025-03-21T09:06:41.420 INFO  [TIMESPAN] [COMP][GW_RSVRd] 0.082
2025-03-21T09:06:41.420 INFO  [TIMESPAN] [COMP][CH_DWd] 6.268
2025-03-21T09:06:41.420 INFO  [TIMESPAN] [COMP][SPLASHERO_PARKd] 0.262
2025-03-21T09:06:41.421 INFO  [TIMESPAN] [COMP][KINWAVSED_OLd] 0.908
2025-03-21T09:06:41.421 INFO  [TIMESPAN] [COMP][KINWAVSED_CHd] 0.230
2025-03-21T09:06:41.421 TRACE [OUTPUT] Creating output file DPST_SUM... [PrintInfo.cpp:116]
2025-03-21T09:06:41.442 TRACE [OUTPUT] Creating output file INFIL_SUM... [PrintInfo.cpp:116]
2025-03-21T09:06:41.454 TRACE [OUTPUT] Creating output file INFIL_AVE... [PrintInfo.cpp:116]
2025-03-21T09:06:41.466 TRACE [OUTPUT] Creating output file INLO_SUM... [PrintInfo.cpp:116]
2025-03-21T09:06:41.478 TRACE [OUTPUT] Creating output file NEPR_SUM... [PrintInfo.cpp:116]
2025-03-21T09:06:41.489 TRACE [OUTPUT] Creating output file QOVERLAND_SUM... [PrintInfo.cpp:116]
2025-03-21T09:06:41.503 TRACE [OUTPUT] Creating output file QSOIL_SUM... [PrintInfo.cpp:116]
2025-03-21T09:06:41.513 TRACE [OUTPUT] Creating output file QSUBBASIN... [PrintInfo.cpp:116]
2025-03-21T09:06:41.544 TRACE [OUTPUT] Create E:\code\SEIMS\data\youwuzhen\demo_youwuzhen30m_storm_model\OUTPUT_D8_UP_DOWN-0-\QSUBBASIN.txt successfully! [PrintInfo.cpp:146]
2025-03-21T09:06:41.544 TRACE [OUTPUT] Creating output file SBGS... [PrintInfo.cpp:116]
2025-03-21T09:06:41.576 TRACE [OUTPUT] Create E:\code\SEIMS\data\youwuzhen\demo_youwuzhen30m_storm_model\OUTPUT_D8_UP_DOWN-0-\SBGS.txt successfully! [PrintInfo.cpp:146]
2025-03-21T09:06:41.576 TRACE [OUTPUT] Creating output file SBQG... [PrintInfo.cpp:116]
2025-03-21T09:06:41.608 TRACE [OUTPUT] Create E:\code\SEIMS\data\youwuzhen\demo_youwuzhen30m_storm_model\OUTPUT_D8_UP_DOWN-0-\SBQG.txt successfully! [PrintInfo.cpp:146]
2025-03-21T09:06:41.608 TRACE [OUTPUT] Creating output file 4_SEDTOCH(GridFS file: 4_SEDTOCH_0_)... [PrintInfo.cpp:114]
2025-03-21T09:06:41.814 TRACE [OUTPUT] -- Create E:\code\SEIMS\data\youwuzhen\demo_youwuzhen30m_storm_model\OUTPUT_D8_UP_DOWN-0-\4_SEDTOCH.txt successfully! [PrintInfo.cpp:237]
2025-03-21T09:06:41.814 TRACE [OUTPUT] Creating output file SOLST_SUM... [PrintInfo.cpp:116]
2025-03-21T09:06:41.883 TRACE [OUTPUT] Creating output file SOLST_AVE... [PrintInfo.cpp:116]
2025-03-21T09:06:41.960 TRACE [OUTPUT] Creating output file SURU_SUM... [PrintInfo.cpp:116]
2025-03-21T09:06:41.980 TRACE [OUTPUT] Creating output file SURU_AVE... [PrintInfo.cpp:116]
2025-03-21T09:06:42.001 INFO  [TIMESPAN] [IO  ][Output] 0.580
2025-03-21T09:06:42.001 INFO  [TIMESPAN] [SIMU][ALL] 15.358
2025-03-21T09:06:42.001 TRACE [RELEASE] Release DataCenterMongoDB... [DataCenterMongoDB.cpp:74]
2025-03-21T09:06:42.001 TRACE [RELEASE] Release DataCenter... [DataCenter.cpp:24]
2025-03-21T09:06:42.001 TRACE [RELEASE] ---release setting input data ... [DataCenter.cpp:26]
2025-03-21T09:06:42.002 TRACE [RELEASE] ---release setting output data ... [DataCenter.cpp:31]
2025-03-21T09:06:42.002 TRACE [RELEASE] Start to release SettingsOutput ... [SettingsOutput.cpp:99]
2025-03-21T09:06:42.002 TRACE [RELEASE] Start to release PrintInfoItem for BIOMASS ... [PrintInfo.cpp:27]
2025-03-21T09:06:42.002 TRACE [RELEASE] End to release PrintInfoItem for BIOMASS . [PrintInfo.cpp:39]
2025-03-21T09:06:42.002 TRACE [RELEASE] Start to release PrintInfoItem for BIOMASS ... [PrintInfo.cpp:27]
2025-03-21T09:06:42.002 TRACE [RELEASE] End to release PrintInfoItem for BIOMASS . [PrintInfo.cpp:39]
2025-03-21T09:06:42.003 TRACE [RELEASE] Start to release PrintInfoItem for CHST ... [PrintInfo.cpp:27]
2025-03-21T09:06:42.003 TRACE [RELEASE] End to release PrintInfoItem for CHST . [PrintInfo.cpp:39]
2025-03-21T09:06:42.003 TRACE [RELEASE] Start to release PrintInfoItem for CHWTRDEPTH ... [PrintInfo.cpp:27]
2025-03-21T09:06:42.003 TRACE [RELEASE] End to release PrintInfoItem for CHWTRDEPTH . [PrintInfo.cpp:39]
2025-03-21T09:06:42.003 TRACE [RELEASE] Start to release PrintInfoItem for CHWTRWIDTH ... [PrintInfo.cpp:27]
2025-03-21T09:06:42.003 TRACE [RELEASE] End to release PrintInfoItem for CHWTRWIDTH . [PrintInfo.cpp:39]
2025-03-21T09:06:42.003 TRACE [RELEASE] Start to release PrintInfoItem for DEET ... [PrintInfo.cpp:27]
2025-03-21T09:06:42.004 TRACE [RELEASE] End to release PrintInfoItem for DEET . [PrintInfo.cpp:39]
2025-03-21T09:06:42.004 TRACE [RELEASE] Start to release PrintInfoItem for DPST_SUM ... [PrintInfo.cpp:27]
2025-03-21T09:06:42.004 TRACE [RELEASE] End to release PrintInfoItem for DPST_SUM . [PrintInfo.cpp:39]
2025-03-21T09:06:42.004 TRACE [RELEASE] Start to release PrintInfoItem for GWWB ... [PrintInfo.cpp:27]
2025-03-21T09:06:42.004 TRACE [RELEASE] End to release PrintInfoItem for GWWB . [PrintInfo.cpp:39]
2025-03-21T09:06:42.004 TRACE [RELEASE] Start to release PrintInfoItem for INET ... [PrintInfo.cpp:27]
2025-03-21T09:06:42.004 TRACE [RELEASE] End to release PrintInfoItem for INET . [PrintInfo.cpp:39]
2025-03-21T09:06:42.006 TRACE [RELEASE] Start to release PrintInfoItem for INFIL_SUM ... [PrintInfo.cpp:27]
2025-03-21T09:06:42.006 TRACE [RELEASE] End to release PrintInfoItem for INFIL_SUM . [PrintInfo.cpp:39]
2025-03-21T09:06:42.006 TRACE [RELEASE] Start to release PrintInfoItem for INFIL_AVE ... [PrintInfo.cpp:27]
2025-03-21T09:06:42.006 TRACE [RELEASE] End to release PrintInfoItem for INFIL_AVE . [PrintInfo.cpp:39]
2025-03-21T09:06:42.006 TRACE [RELEASE] Start to release PrintInfoItem for INLO_SUM ... [PrintInfo.cpp:27]
2025-03-21T09:06:42.007 TRACE [RELEASE] End to release PrintInfoItem for INLO_SUM . [PrintInfo.cpp:39]
2025-03-21T09:06:42.007 TRACE [RELEASE] Start to release PrintInfoItem for LAIDAY ... [PrintInfo.cpp:27]
2025-03-21T09:06:42.008 TRACE [RELEASE] End to release PrintInfoItem for LAIDAY . [PrintInfo.cpp:39]
2025-03-21T09:06:42.008 TRACE [RELEASE] Start to release PrintInfoItem for LAIDAY ... [PrintInfo.cpp:27]
2025-03-21T09:06:42.008 TRACE [RELEASE] End to release PrintInfoItem for LAIDAY . [PrintInfo.cpp:39]
2025-03-21T09:06:42.008 TRACE [RELEASE] Start to release PrintInfoItem for NEPR_SUM ... [PrintInfo.cpp:27]
2025-03-21T09:06:42.008 TRACE [RELEASE] End to release PrintInfoItem for NEPR_SUM . [PrintInfo.cpp:39]
2025-03-21T09:06:42.008 TRACE [RELEASE] Start to release PrintInfoItem for PET ... [PrintInfo.cpp:27]
2025-03-21T09:06:42.009 TRACE [RELEASE] End to release PrintInfoItem for PET . [PrintInfo.cpp:39]
2025-03-21T09:06:42.009 TRACE [RELEASE] Start to release PrintInfoItem for PET ... [PrintInfo.cpp:27]
2025-03-21T09:06:42.009 TRACE [RELEASE] End to release PrintInfoItem for PET . [PrintInfo.cpp:39]
2025-03-21T09:06:42.009 TRACE [RELEASE] Start to release PrintInfoItem for PPT ... [PrintInfo.cpp:27]
2025-03-21T09:06:42.009 TRACE [RELEASE] End to release PrintInfoItem for PPT . [PrintInfo.cpp:39]
2025-03-21T09:06:42.009 TRACE [RELEASE] Start to release PrintInfoItem for PPT ... [PrintInfo.cpp:27]
2025-03-21T09:06:42.009 TRACE [RELEASE] End to release PrintInfoItem for PPT . [PrintInfo.cpp:39]
2025-03-21T09:06:42.009 TRACE [RELEASE] Start to release PrintInfoItem for QG ... [PrintInfo.cpp:27]
2025-03-21T09:06:42.009 TRACE [RELEASE] End to release PrintInfoItem for QG . [PrintInfo.cpp:39]
2025-03-21T09:06:42.010 TRACE [RELEASE] Start to release PrintInfoItem for QI ... [PrintInfo.cpp:27]
2025-03-21T09:06:42.010 TRACE [RELEASE] End to release PrintInfoItem for QI . [PrintInfo.cpp:39]
2025-03-21T09:06:42.010 TRACE [RELEASE] Start to release PrintInfoItem for QOVERLAND_SUM ... [PrintInfo.cpp:27]
2025-03-21T09:06:42.010 TRACE [RELEASE] End to release PrintInfoItem for QOVERLAND_SUM . [PrintInfo.cpp:39]
2025-03-21T09:06:42.010 TRACE [RELEASE] Start to release PrintInfoItem for Q ... [PrintInfo.cpp:27]
2025-03-21T09:06:42.010 TRACE [RELEASE] End to release PrintInfoItem for Q . [PrintInfo.cpp:39]
2025-03-21T09:06:42.010 TRACE [RELEASE] Start to release PrintInfoItem for QS ... [PrintInfo.cpp:27]
2025-03-21T09:06:42.010 TRACE [RELEASE] End to release PrintInfoItem for QS . [PrintInfo.cpp:39]
2025-03-21T09:06:42.010 TRACE [RELEASE] Start to release PrintInfoItem for QSOIL_SUM ... [PrintInfo.cpp:27]
2025-03-21T09:06:42.010 TRACE [RELEASE] End to release PrintInfoItem for QSOIL_SUM . [PrintInfo.cpp:39]
2025-03-21T09:06:42.011 TRACE [RELEASE] Start to release PrintInfoItem for QSUBBASIN ... [PrintInfo.cpp:27]
2025-03-21T09:06:42.011 TRACE [RELEASE] End to release PrintInfoItem for QSUBBASIN . [PrintInfo.cpp:39]
2025-03-21T09:06:42.011 TRACE [RELEASE] Start to release PrintInfoItem for SBGS ... [PrintInfo.cpp:27]
2025-03-21T09:06:42.011 TRACE [RELEASE] End to release PrintInfoItem for SBGS . [PrintInfo.cpp:39]
2025-03-21T09:06:42.013 TRACE [RELEASE] Start to release PrintInfoItem for SBIF ... [PrintInfo.cpp:27]
2025-03-21T09:06:42.013 TRACE [RELEASE] End to release PrintInfoItem for SBIF . [PrintInfo.cpp:39]
2025-03-21T09:06:42.013 TRACE [RELEASE] Start to release PrintInfoItem for SBOF ... [PrintInfo.cpp:27]
2025-03-21T09:06:42.013 TRACE [RELEASE] End to release PrintInfoItem for SBOF . [PrintInfo.cpp:39]
2025-03-21T09:06:42.013 TRACE [RELEASE] Start to release PrintInfoItem for SBQG ... [PrintInfo.cpp:27]
2025-03-21T09:06:42.013 TRACE [RELEASE] End to release PrintInfoItem for SBQG . [PrintInfo.cpp:39]
2025-03-21T09:06:42.014 TRACE [RELEASE] Start to release PrintInfoItem for SED ... [PrintInfo.cpp:27]
2025-03-21T09:06:42.014 TRACE [RELEASE] End to release PrintInfoItem for SED . [PrintInfo.cpp:39]
2025-03-21T09:06:42.014 TRACE [RELEASE] Start to release PrintInfoItem for SEDRECHConc ... [PrintInfo.cpp:27]
2025-03-21T09:06:42.014 TRACE [RELEASE] End to release PrintInfoItem for SEDRECHConc . [PrintInfo.cpp:39]
2025-03-21T09:06:42.015 TRACE [RELEASE] Start to release PrintInfoItem for 4_SEDTOCH ... [PrintInfo.cpp:27]
2025-03-21T09:06:42.015 TRACE [RELEASE] End to release PrintInfoItem for 4_SEDTOCH . [PrintInfo.cpp:39]
2025-03-21T09:06:42.015 TRACE [RELEASE] Start to release PrintInfoItem for SED_OL ... [PrintInfo.cpp:27]
2025-03-21T09:06:42.015 TRACE [RELEASE] End to release PrintInfoItem for SED_OL . [PrintInfo.cpp:39]
2025-03-21T09:06:42.015 TRACE [RELEASE] Start to release PrintInfoItem for SED_OL ... [PrintInfo.cpp:27]
2025-03-21T09:06:42.016 TRACE [RELEASE] End to release PrintInfoItem for SED_OL . [PrintInfo.cpp:39]
2025-03-21T09:06:42.016 TRACE [RELEASE] Start to release PrintInfoItem for SOER ... [PrintInfo.cpp:27]
2025-03-21T09:06:42.016 TRACE [RELEASE] End to release PrintInfoItem for SOER . [PrintInfo.cpp:39]
2025-03-21T09:06:42.016 TRACE [RELEASE] Start to release PrintInfoItem for SOER ... [PrintInfo.cpp:27]
2025-03-21T09:06:42.016 TRACE [RELEASE] End to release PrintInfoItem for SOER . [PrintInfo.cpp:39]
2025-03-21T09:06:42.016 TRACE [RELEASE] Start to release PrintInfoItem for SOET ... [PrintInfo.cpp:27]
2025-03-21T09:06:42.017 TRACE [RELEASE] End to release PrintInfoItem for SOET . [PrintInfo.cpp:39]
2025-03-21T09:06:42.017 TRACE [RELEASE] Start to release PrintInfoItem for SOET ... [PrintInfo.cpp:27]
2025-03-21T09:06:42.017 TRACE [RELEASE] End to release PrintInfoItem for SOET . [PrintInfo.cpp:39]
2025-03-21T09:06:42.017 TRACE [RELEASE] Start to release PrintInfoItem for SOLST_SUM ... [PrintInfo.cpp:27]
2025-03-21T09:06:42.017 TRACE [RELEASE] End to release PrintInfoItem for SOLST_SUM . [PrintInfo.cpp:39]
2025-03-21T09:06:42.017 TRACE [RELEASE] Start to release PrintInfoItem for SOLST_AVE ... [PrintInfo.cpp:27]
2025-03-21T09:06:42.018 TRACE [RELEASE] End to release PrintInfoItem for SOLST_AVE . [PrintInfo.cpp:39]
2025-03-21T09:06:42.018 TRACE [RELEASE] Start to release PrintInfoItem for SOL_COV ... [PrintInfo.cpp:27]
2025-03-21T09:06:42.018 TRACE [RELEASE] End to release PrintInfoItem for SOL_COV . [PrintInfo.cpp:39]
2025-03-21T09:06:42.018 TRACE [RELEASE] Start to release PrintInfoItem for SOL_COV ... [PrintInfo.cpp:27]
2025-03-21T09:06:42.018 TRACE [RELEASE] End to release PrintInfoItem for SOL_COV . [PrintInfo.cpp:39]
2025-03-21T09:06:42.018 TRACE [RELEASE] Start to release PrintInfoItem for SURU_SUM ... [PrintInfo.cpp:27]
2025-03-21T09:06:42.019 TRACE [RELEASE] End to release PrintInfoItem for SURU_SUM . [PrintInfo.cpp:39]
2025-03-21T09:06:42.019 TRACE [RELEASE] Start to release PrintInfoItem for SURU_AVE ... [PrintInfo.cpp:27]
2025-03-21T09:06:42.019 TRACE [RELEASE] End to release PrintInfoItem for SURU_AVE . [PrintInfo.cpp:39]
2025-03-21T09:06:42.019 TRACE [RELEASE] Start to release PrintInfoItem for USLE_C ... [PrintInfo.cpp:27]
2025-03-21T09:06:42.019 TRACE [RELEASE] End to release PrintInfoItem for USLE_C . [PrintInfo.cpp:39]
2025-03-21T09:06:42.019 TRACE [RELEASE] Start to release PrintInfoItem for USLE_C ... [PrintInfo.cpp:27]
2025-03-21T09:06:42.020 TRACE [RELEASE] End to release PrintInfoItem for USLE_C . [PrintInfo.cpp:39]
2025-03-21T09:06:42.020 TRACE [RELEASE] Start to release PrintInfoItem for USLE_C ... [PrintInfo.cpp:27]
2025-03-21T09:06:42.020 TRACE [RELEASE] End to release PrintInfoItem for USLE_C . [PrintInfo.cpp:39]
2025-03-21T09:06:42.020 TRACE [RELEASE] Start to release PrintInfoItem for USLE_C ... [PrintInfo.cpp:27]
2025-03-21T09:06:42.020 TRACE [RELEASE] End to release PrintInfoItem for USLE_C . [PrintInfo.cpp:39]
2025-03-21T09:06:42.021 TRACE [RELEASE] Start to release PrintInfoItem for USLE_L ... [PrintInfo.cpp:27]
2025-03-21T09:06:42.021 TRACE [RELEASE] End to release PrintInfoItem for USLE_L . [PrintInfo.cpp:39]
2025-03-21T09:06:42.021 TRACE [RELEASE] Start to release PrintInfoItem for USLE_S ... [PrintInfo.cpp:27]
2025-03-21T09:06:42.021 TRACE [RELEASE] End to release PrintInfoItem for USLE_S . [PrintInfo.cpp:39]
2025-03-21T09:06:42.021 TRACE [RELEASE] End to release SettingsOutput. [SettingsOutput.cpp:114]
2025-03-21T09:06:42.021 TRACE [RELEASE] ---release climate station data ... [DataCenter.cpp:36]
2025-03-21T09:06:42.021 TRACE [RELEASE] Start to release InputStation data ... [InputStation.cpp:19]
2025-03-21T09:06:42.023 TRACE [RELEASE] ---release bmps scenario data ... [DataCenter.cpp:41]
2025-03-21T09:06:42.023 TRACE [RELEASE] Releasing Scenario... [Scenario.cpp:15]
2025-03-21T09:06:42.025 TRACE [RELEASE] ---release reaches data ... [DataCenter.cpp:46]
2025-03-21T09:06:42.026 TRACE [RELEASE] ---release subbasins data ... [DataCenter.cpp:51]
2025-03-21T09:06:42.027 TRACE [RELEASE] ---release map of all 1D and 2D raster data ... [DataCenter.cpp:55]
2025-03-21T09:06:42.027 TRACE [RELEASE] -----0_CH_WIDTH ... [DataCenter.cpp:58]
2025-03-21T09:06:42.028 TRACE [RELEASE] -----0_CLAY ... [DataCenter.cpp:58]
2025-03-21T09:06:42.028 TRACE [RELEASE] -----0_CONDUCTIVITY ... [DataCenter.cpp:58]
2025-03-21T09:06:42.028 TRACE [RELEASE] -----0_DEM ... [DataCenter.cpp:58]
2025-03-21T09:06:42.029 TRACE [RELEASE] -----0_DEPRESSION ... [DataCenter.cpp:58]
2025-03-21T09:06:42.029 TRACE [RELEASE] -----0_FIELDCAP ... [DataCenter.cpp:58]
2025-03-21T09:06:42.030 TRACE [RELEASE] -----0_FLOW_DIR ... [DataCenter.cpp:58]
2025-03-21T09:06:42.030 TRACE [RELEASE] -----0_INTERC_MAX ... [DataCenter.cpp:58]
2025-03-21T09:06:42.030 TRACE [RELEASE] -----0_INTERC_MIN ... [DataCenter.cpp:58]
2025-03-21T09:06:42.031 TRACE [RELEASE] -----0_MANNING ... [DataCenter.cpp:58]
2025-03-21T09:06:42.032 TRACE [RELEASE] -----0_MOIST_IN ... [DataCenter.cpp:58]
2025-03-21T09:06:42.033 TRACE [RELEASE] -----0_POREINDEX ... [DataCenter.cpp:58]
2025-03-21T09:06:42.033 TRACE [RELEASE] -----0_POROSITY ... [DataCenter.cpp:58]
2025-03-21T09:06:42.033 TRACE [RELEASE] -----0_SAND ... [DataCenter.cpp:58]
2025-03-21T09:06:42.034 TRACE [RELEASE] -----0_SLOPE ... [DataCenter.cpp:58]
2025-03-21T09:06:42.034 TRACE [RELEASE] -----0_SOILDEPTH ... [DataCenter.cpp:58]
2025-03-21T09:06:42.034 TRACE [RELEASE] -----0_SUBBASIN ... [DataCenter.cpp:58]
2025-03-21T09:06:42.035 TRACE [RELEASE] -----0_USLE_C ... [DataCenter.cpp:58]
2025-03-21T09:06:42.035 TRACE [RELEASE] -----0_USLE_K ... [DataCenter.cpp:58]
2025-03-21T09:06:42.035 TRACE [RELEASE] ---release map of all integer 1D and 2D raster data ... [DataCenter.cpp:64]
2025-03-21T09:06:42.035 TRACE [RELEASE] -----0_LANDUSE ... [DataCenter.cpp:67]
2025-03-21T09:06:42.036 TRACE [RELEASE] -----0_SOILLAYERS ... [DataCenter.cpp:67]
2025-03-21T09:06:42.036 TRACE [RELEASE] -----0_STREAM_LINK ... [DataCenter.cpp:67]
2025-03-21T09:06:42.037 TRACE [RELEASE] -----0_SUBBASIN ... [DataCenter.cpp:67]
2025-03-21T09:06:42.037 TRACE [RELEASE] ---release map of parameters in MongoDB ... [DataCenter.cpp:73]
2025-03-21T09:06:42.039 TRACE [RELEASE] ---release map of integer parameters in MongoDB ... [DataCenter.cpp:81]
2025-03-21T09:06:42.039 TRACE [RELEASE] ---release map of 1D array data ... [DataCenter.cpp:89]
2025-03-21T09:06:42.039 TRACE [RELEASE] -----0_STATIONELEVATION_M ... [DataCenter.cpp:92]
2025-03-21T09:06:42.039 TRACE [RELEASE] -----0_STATIONELEVATION_P ... [DataCenter.cpp:92]
2025-03-21T09:06:42.039 TRACE [RELEASE] ---release map of integer 1D array data ... [DataCenter.cpp:97]
2025-03-21T09:06:42.039 TRACE [RELEASE] ---release map of 2D array data ... [DataCenter.cpp:105]
2025-03-21T09:06:42.040 TRACE [RELEASE] -----0_LAPSERATE ... [DataCenter.cpp:108]
2025-03-21T09:06:42.040 TRACE [RELEASE] -----0_WEIGHT_M ... [DataCenter.cpp:108]
2025-03-21T09:06:42.040 TRACE [RELEASE] -----0_WEIGHT_P ... [DataCenter.cpp:108]
2025-03-21T09:06:42.040 TRACE [RELEASE] ---release map of integer 2D array data ... [DataCenter.cpp:113]
2025-03-21T09:06:42.040 TRACE [RELEASE] -----0_FLOWIN_INDEX_D8 ... [DataCenter.cpp:116]
2025-03-21T09:06:42.041 TRACE [RELEASE] -----0_FLOWOUT_INDEX_D8 ... [DataCenter.cpp:116]
2025-03-21T09:06:42.041 TRACE [RELEASE] -----0_ROUTING_LAYERS_UP_DOWN_D8 ... [DataCenter.cpp:116]
2025-03-21T09:06:42.042 TRACE [RELEASE] Start to release ModuleFactory ... [ModuleFactory.cpp:113]
2025-03-21T09:06:42.042 TRACE [RELEASE] ---release map of SEIMSModuleSettings ... [ModuleFactory.cpp:114]
2025-03-21T09:06:42.042 TRACE [RELEASE] -----CH_DWd ... [ModuleFactory.cpp:117]
2025-03-21T09:06:42.042 TRACE [RELEASE] -----DEP_FSd ... [ModuleFactory.cpp:117]
2025-03-21T09:06:42.042 TRACE [RELEASE] -----GW_RSVRd ... [ModuleFactory.cpp:117]
2025-03-21T09:06:42.042 TRACE [RELEASE] -----IKW_IFd ... [ModuleFactory.cpp:117]
2025-03-21T09:06:42.043 TRACE [RELEASE] -----IKW_OLd ... [ModuleFactory.cpp:117]
2025-03-21T09:06:42.043 TRACE [RELEASE] -----ITPd_P ... [ModuleFactory.cpp:117]
2025-03-21T09:06:42.043 TRACE [RELEASE] -----ITPd_RM ... [ModuleFactory.cpp:117]
2025-03-21T09:06:42.043 TRACE [RELEASE] -----ITPd_SR ... [ModuleFactory.cpp:117]
2025-03-21T09:06:42.043 TRACE [RELEASE] -----ITPd_TMAX ... [ModuleFactory.cpp:117]
2025-03-21T09:06:42.043 TRACE [RELEASE] -----ITPd_TMEAN ... [ModuleFactory.cpp:117]
2025-03-21T09:06:42.044 TRACE [RELEASE] -----ITPd_TMIN ... [ModuleFactory.cpp:117]
2025-03-21T09:06:42.044 TRACE [RELEASE] -----ITPd_WS ... [ModuleFactory.cpp:117]
2025-03-21T09:06:42.044 TRACE [RELEASE] -----KINWAVSED_CHd ... [ModuleFactory.cpp:117]
2025-03-21T09:06:42.044 TRACE [RELEASE] -----KINWAVSED_OLd ... [ModuleFactory.cpp:117]
2025-03-21T09:06:42.044 TRACE [RELEASE] -----PERCO_DARCYd ... [ModuleFactory.cpp:117]
2025-03-21T09:06:42.044 TRACE [RELEASE] -----PI_MCSd ... [ModuleFactory.cpp:117]
2025-03-21T09:06:42.046 TRACE [RELEASE] -----SPLASHERO_PARKd ... [ModuleFactory.cpp:117]
2025-03-21T09:06:42.046 TRACE [RELEASE] -----SUR_SGAd ... [ModuleFactory.cpp:117]
2025-03-21T09:06:42.046 TRACE [RELEASE] -----TSD_RDd_P ... [ModuleFactory.cpp:117]
2025-03-21T09:06:42.046 TRACE [RELEASE] -----TSD_RDd_RM ... [ModuleFactory.cpp:117]
2025-03-21T09:06:42.047 TRACE [RELEASE] -----TSD_RDd_SR ... [ModuleFactory.cpp:117]
2025-03-21T09:06:42.047 TRACE [RELEASE] -----TSD_RDd_TMAX ... [ModuleFactory.cpp:117]
2025-03-21T09:06:42.047 TRACE [RELEASE] -----TSD_RDd_TMEAN ... [ModuleFactory.cpp:117]
2025-03-21T09:06:42.047 TRACE [RELEASE] -----TSD_RDd_TMIN ... [ModuleFactory.cpp:117]
2025-03-21T09:06:42.048 TRACE [RELEASE] -----TSD_RDd_WS ... [ModuleFactory.cpp:117]
2025-03-21T09:06:42.048 TRACE [RELEASE] ---release module parameters ... [ModuleFactory.cpp:124]
2025-03-21T09:06:42.049 TRACE [RELEASE] ---release module parameters in integer ... [ModuleFactory.cpp:136]
2025-03-21T09:06:42.050 TRACE [RELEASE] ---release module inputs ... [ModuleFactory.cpp:148]
2025-03-21T09:06:42.050 TRACE [RELEASE] ---release module inputs in integer ... [ModuleFactory.cpp:160]
2025-03-21T09:06:42.050 TRACE [RELEASE] ---release module outputs ... [ModuleFactory.cpp:172]
2025-03-21T09:06:42.051 TRACE [RELEASE] ---release module outputs in integer ... [ModuleFactory.cpp:184]
2025-03-21T09:06:42.051 TRACE [RELEASE] ---release module in/outputs ... [ModuleFactory.cpp:196]
2025-03-21T09:06:42.052 TRACE [RELEASE] ---release module transferred value inputs ... [ModuleFactory.cpp:208]
2025-03-21T09:06:42.052 TRACE [RELEASE] ---release module  interval value inputs ... [ModuleFactory.cpp:216]
2025-03-21T09:06:42.052 TRACE [RELEASE] ---release dynamic library handles ... [ModuleFactory.cpp:224]
2025-03-21T09:06:42.062 TRACE [RELEASE] End to release ModuleFactory. [ModuleFactory.cpp:233]
